--
-- PostgreSQL database dump
--

-- Dumped from database version 9.6.5
-- Dumped by pg_dump version 9.6.5

-- Started on 2017-10-27 01:39:38 EEST

SET statement_timeout = 0;
SET lock_timeout = 0;
SET idle_in_transaction_session_timeout = 0;
SET client_encoding = 'UTF8';
SET standard_conforming_strings = on;
SET check_function_bodies = false;
SET client_min_messages = warning;
SET row_security = off;

--
-- TOC entry 33 (class 2615 OID 30962)
-- Name: api; Type: SCHEMA; Schema: -; Owner: postgres
--

CREATE SCHEMA api;


ALTER SCHEMA api OWNER TO postgres;

--
-- TOC entry 32 (class 2615 OID 30961)
-- Name: binding; Type: SCHEMA; Schema: -; Owner: postgres
--

CREATE SCHEMA binding;


ALTER SCHEMA binding OWNER TO postgres;

--
-- TOC entry 37 (class 2615 OID 33671)
-- Name: changelog; Type: SCHEMA; Schema: -; Owner: postgres
--

CREATE SCHEMA changelog;


ALTER SCHEMA changelog OWNER TO postgres;

--
-- TOC entry 12 (class 2615 OID 30093)
-- Name: common; Type: SCHEMA; Schema: -; Owner: postgres
--

CREATE SCHEMA common;


ALTER SCHEMA common OWNER TO postgres;

--
-- TOC entry 4078 (class 0 OID 0)
-- Dependencies: 12
-- Name: SCHEMA common; Type: COMMENT; Schema: -; Owner: postgres
--

COMMENT ON SCHEMA common IS 'common types and functions';


--
-- TOC entry 13 (class 2615 OID 30094)
-- Name: component; Type: SCHEMA; Schema: -; Owner: postgres
--

CREATE SCHEMA component;


ALTER SCHEMA component OWNER TO postgres;

--
-- TOC entry 4079 (class 0 OID 0)
-- Dependencies: 13
-- Name: SCHEMA component; Type: COMMENT; Schema: -; Owner: postgres
--

COMMENT ON SCHEMA component IS 'components of ebom';


--
-- TOC entry 14 (class 2615 OID 30095)
-- Name: ebom; Type: SCHEMA; Schema: -; Owner: postgres
--

CREATE SCHEMA ebom;


ALTER SCHEMA ebom OWNER TO postgres;

--
-- TOC entry 4080 (class 0 OID 0)
-- Dependencies: 14
-- Name: SCHEMA ebom; Type: COMMENT; Schema: -; Owner: postgres
--

COMMENT ON SCHEMA ebom IS 'engenering bill of materials';


--
-- TOC entry 28 (class 2615 OID 30957)
-- Name: equipment; Type: SCHEMA; Schema: -; Owner: postgres
--

CREATE SCHEMA equipment;


ALTER SCHEMA equipment OWNER TO postgres;

--
-- TOC entry 34 (class 2615 OID 30963)
-- Name: goal; Type: SCHEMA; Schema: -; Owner: postgres
--

CREATE SCHEMA goal;


ALTER SCHEMA goal OWNER TO postgres;

--
-- TOC entry 15 (class 2615 OID 30096)
-- Name: inspection; Type: SCHEMA; Schema: -; Owner: postgres
--

CREATE SCHEMA inspection;


ALTER SCHEMA inspection OWNER TO postgres;

--
-- TOC entry 4081 (class 0 OID 0)
-- Dependencies: 15
-- Name: SCHEMA inspection; Type: COMMENT; Schema: -; Owner: postgres
--

COMMENT ON SCHEMA inspection IS 'inspection segments';


--
-- TOC entry 16 (class 2615 OID 30097)
-- Name: inventory; Type: SCHEMA; Schema: -; Owner: postgres
--

CREATE SCHEMA inventory;


ALTER SCHEMA inventory OWNER TO postgres;

--
-- TOC entry 4082 (class 0 OID 0)
-- Dependencies: 16
-- Name: SCHEMA inventory; Type: COMMENT; Schema: -; Owner: postgres
--

COMMENT ON SCHEMA inventory IS 'inventory items definition';


--
-- TOC entry 36 (class 2615 OID 31176)
-- Name: maintenance; Type: SCHEMA; Schema: -; Owner: postgres
--

CREATE SCHEMA maintenance;


ALTER SCHEMA maintenance OWNER TO postgres;

--
-- TOC entry 17 (class 2615 OID 30098)
-- Name: material; Type: SCHEMA; Schema: -; Owner: postgres
--

CREATE SCHEMA material;


ALTER SCHEMA material OWNER TO postgres;

--
-- TOC entry 4083 (class 0 OID 0)
-- Dependencies: 17
-- Name: SCHEMA material; Type: COMMENT; Schema: -; Owner: postgres
--

COMMENT ON SCHEMA material IS 'materials of mbom';


--
-- TOC entry 24 (class 2615 OID 30812)
-- Name: mbom; Type: SCHEMA; Schema: -; Owner: postgres
--

CREATE SCHEMA mbom;


ALTER SCHEMA mbom OWNER TO postgres;

--
-- TOC entry 4084 (class 0 OID 0)
-- Dependencies: 24
-- Name: SCHEMA mbom; Type: COMMENT; Schema: -; Owner: postgres
--

COMMENT ON SCHEMA mbom IS 'manufacturing bill of materials';


--
-- TOC entry 18 (class 2615 OID 30099)
-- Name: movement; Type: SCHEMA; Schema: -; Owner: postgres
--

CREATE SCHEMA movement;


ALTER SCHEMA movement OWNER TO postgres;

--
-- TOC entry 4085 (class 0 OID 0)
-- Dependencies: 18
-- Name: SCHEMA movement; Type: COMMENT; Schema: -; Owner: postgres
--

COMMENT ON SCHEMA movement IS 'movement segments';


--
-- TOC entry 19 (class 2615 OID 30100)
-- Name: operation; Type: SCHEMA; Schema: -; Owner: postgres
--

CREATE SCHEMA operation;


ALTER SCHEMA operation OWNER TO postgres;

--
-- TOC entry 4086 (class 0 OID 0)
-- Dependencies: 19
-- Name: SCHEMA operation; Type: COMMENT; Schema: -; Owner: postgres
--

COMMENT ON SCHEMA operation IS 'operation segments';


--
-- TOC entry 30 (class 2615 OID 30959)
-- Name: performance; Type: SCHEMA; Schema: -; Owner: postgres
--

CREATE SCHEMA performance;


ALTER SCHEMA performance OWNER TO postgres;

--
-- TOC entry 29 (class 2615 OID 30958)
-- Name: personnel; Type: SCHEMA; Schema: -; Owner: postgres
--

CREATE SCHEMA personnel;


ALTER SCHEMA personnel OWNER TO postgres;

--
-- TOC entry 35 (class 2615 OID 30964)
-- Name: pgunit; Type: SCHEMA; Schema: -; Owner: postgres
--

CREATE SCHEMA pgunit;


ALTER SCHEMA pgunit OWNER TO postgres;

--
-- TOC entry 20 (class 2615 OID 30101)
-- Name: process; Type: SCHEMA; Schema: -; Owner: postgres
--

CREATE SCHEMA process;


ALTER SCHEMA process OWNER TO postgres;

--
-- TOC entry 4087 (class 0 OID 0)
-- Dependencies: 20
-- Name: SCHEMA process; Type: COMMENT; Schema: -; Owner: postgres
--

COMMENT ON SCHEMA process IS 'process segments';


--
-- TOC entry 21 (class 2615 OID 30102)
-- Name: product; Type: SCHEMA; Schema: -; Owner: postgres
--

CREATE SCHEMA product;


ALTER SCHEMA product OWNER TO postgres;

--
-- TOC entry 4088 (class 0 OID 0)
-- Dependencies: 21
-- Name: SCHEMA product; Type: COMMENT; Schema: -; Owner: postgres
--

COMMENT ON SCHEMA product IS 'product segments';


--
-- TOC entry 22 (class 2615 OID 30103)
-- Name: production; Type: SCHEMA; Schema: -; Owner: postgres
--

CREATE SCHEMA production;


ALTER SCHEMA production OWNER TO postgres;

--
-- TOC entry 4089 (class 0 OID 0)
-- Dependencies: 22
-- Name: SCHEMA production; Type: COMMENT; Schema: -; Owner: postgres
--

COMMENT ON SCHEMA production IS 'production segments';


--
-- TOC entry 26 (class 2615 OID 30955)
-- Name: request; Type: SCHEMA; Schema: -; Owner: postgres
--

CREATE SCHEMA request;


ALTER SCHEMA request OWNER TO postgres;

--
-- TOC entry 27 (class 2615 OID 30956)
-- Name: response; Type: SCHEMA; Schema: -; Owner: postgres
--

CREATE SCHEMA response;


ALTER SCHEMA response OWNER TO postgres;

--
-- TOC entry 25 (class 2615 OID 30954)
-- Name: schedule; Type: SCHEMA; Schema: -; Owner: postgres
--

CREATE SCHEMA schedule;


ALTER SCHEMA schedule OWNER TO postgres;

--
-- TOC entry 31 (class 2615 OID 30960)
-- Name: tests; Type: SCHEMA; Schema: -; Owner: postgres
--

CREATE SCHEMA tests;


ALTER SCHEMA tests OWNER TO postgres;

--
-- TOC entry 38 (class 2615 OID 31090)
-- Name: tooling; Type: SCHEMA; Schema: -; Owner: postgres
--

CREATE SCHEMA tooling;


ALTER SCHEMA tooling OWNER TO postgres;

--
-- TOC entry 2 (class 3079 OID 13343)
-- Name: plpgsql; Type: EXTENSION; Schema: -; Owner: 
--

CREATE EXTENSION IF NOT EXISTS plpgsql WITH SCHEMA pg_catalog;


--
-- TOC entry 4091 (class 0 OID 0)
-- Dependencies: 2
-- Name: EXTENSION plpgsql; Type: COMMENT; Schema: -; Owner: 
--

COMMENT ON EXTENSION plpgsql IS 'PL/pgSQL procedural language';


--
-- TOC entry 1 (class 3079 OID 32311)
-- Name: adminpack; Type: EXTENSION; Schema: -; Owner: 
--

CREATE EXTENSION IF NOT EXISTS adminpack WITH SCHEMA pg_catalog;


--
-- TOC entry 4092 (class 0 OID 0)
-- Dependencies: 1
-- Name: EXTENSION adminpack; Type: COMMENT; Schema: -; Owner: 
--

COMMENT ON EXTENSION adminpack IS 'administrative functions for PostgreSQL';


--
-- TOC entry 5 (class 3079 OID 32320)
-- Name: pldbgapi; Type: EXTENSION; Schema: -; Owner: 
--

CREATE EXTENSION IF NOT EXISTS pldbgapi WITH SCHEMA public;


--
-- TOC entry 4093 (class 0 OID 0)
-- Dependencies: 5
-- Name: EXTENSION pldbgapi; Type: COMMENT; Schema: -; Owner: 
--

COMMENT ON EXTENSION pldbgapi IS 'server-side support for debugging PL/pgSQL functions';


--
-- TOC entry 4 (class 3079 OID 32357)
-- Name: plpgsql_check; Type: EXTENSION; Schema: -; Owner: 
--

CREATE EXTENSION IF NOT EXISTS plpgsql_check WITH SCHEMA public;


--
-- TOC entry 4094 (class 0 OID 0)
-- Dependencies: 4
-- Name: EXTENSION plpgsql_check; Type: COMMENT; Schema: -; Owner: 
--

COMMENT ON EXTENSION plpgsql_check IS 'extended check for plpgsql functions';


--
-- TOC entry 3 (class 3079 OID 32362)
-- Name: plprofiler; Type: EXTENSION; Schema: -; Owner: 
--

CREATE EXTENSION IF NOT EXISTS plprofiler WITH SCHEMA public;


--
-- TOC entry 4095 (class 0 OID 0)
-- Dependencies: 3
-- Name: EXTENSION plprofiler; Type: COMMENT; Schema: -; Owner: 
--

COMMENT ON EXTENSION plprofiler IS 'server-side support for profiling PL/pgSQL functions';


--
-- TOC entry 6 (class 3079 OID 30104)
-- Name: uuid-ossp; Type: EXTENSION; Schema: -; Owner: 
--

CREATE EXTENSION IF NOT EXISTS "uuid-ossp" WITH SCHEMA public;


--
-- TOC entry 4096 (class 0 OID 0)
-- Dependencies: 6
-- Name: EXTENSION "uuid-ossp"; Type: COMMENT; Schema: -; Owner: 
--

COMMENT ON EXTENSION "uuid-ossp" IS 'generate universally unique identifiers (UUIDs)';


SET search_path = common, pg_catalog;

--
-- TOC entry 689 (class 1247 OID 30116)
-- Name: component_kind; Type: TYPE; Schema: common; Owner: postgres
--

CREATE TYPE component_kind AS ENUM (
    'ASSEMBLY',
    'PART',
    'BUYABLE'
);


ALTER TYPE component_kind OWNER TO postgres;

--
-- TOC entry 692 (class 1247 OID 30124)
-- Name: dependency_kind; Type: TYPE; Schema: common; Owner: postgres
--

CREATE TYPE dependency_kind AS ENUM (
    'NotFollow',
    'PossibleParallel',
    'NotInParallel',
    'AtStart',
    'AfterStart',
    'AfterEnd',
    'NoLaterAfterStart',
    'NoEarlierAfterStart',
    'NoLaterAfterEnd',
    'NoEarlierAfterEnd'
);


ALTER TYPE dependency_kind OWNER TO postgres;

--
-- TOC entry 1117 (class 1247 OID 32456)
-- Name: document_fsmt; Type: TYPE; Schema: common; Owner: postgres
--

CREATE TYPE document_fsmt AS ENUM (
    'PROPOSED',
    'COMMITTED',
    'DECOMMITTED'
);


ALTER TYPE document_fsmt OWNER TO postgres;

--
-- TOC entry 695 (class 1247 OID 30146)
-- Name: inventory_kind; Type: TYPE; Schema: common; Owner: postgres
--

CREATE TYPE inventory_kind AS ENUM (
    'BUYABLE',
    'COMPOSITE',
    'CONSUMABLE',
    'PRODUCIBLE',
    'SALABLE',
    'STORABLE',
    'ASSEMBLY',
    'PART',
    'PRIMAL'
);


ALTER TYPE inventory_kind OWNER TO postgres;

--
-- TOC entry 777 (class 1247 OID 30160)
-- Name: job_order_command_kind; Type: TYPE; Schema: common; Owner: postgres
--

CREATE TYPE job_order_command_kind AS ENUM (
    'Start',
    'Stop',
    'Hold',
    'Restart',
    'Abort',
    'Reset',
    'Pause',
    'Resume'
);


ALTER TYPE job_order_command_kind OWNER TO postgres;

--
-- TOC entry 780 (class 1247 OID 30178)
-- Name: material_kind; Type: TYPE; Schema: common; Owner: postgres
--

CREATE TYPE material_kind AS ENUM (
    'CONSUMABLE',
    'PRODUCIBLE',
    'RAW',
    'PRIMAL'
);


ALTER TYPE material_kind OWNER TO postgres;

--
-- TOC entry 783 (class 1247 OID 30184)
-- Name: material_use_kind; Type: TYPE; Schema: common; Owner: postgres
--

CREATE TYPE material_use_kind AS ENUM (
    'CONSUMABLE',
    'PRODUCIBLE'
);


ALTER TYPE material_use_kind OWNER TO postgres;

--
-- TOC entry 786 (class 1247 OID 30190)
-- Name: operations_kind; Type: TYPE; Schema: common; Owner: postgres
--

CREATE TYPE operations_kind AS ENUM (
    'Production',
    'Maintenance',
    'Quality',
    'Inventory',
    'Mixed',
    'Other'
);


ALTER TYPE operations_kind OWNER TO postgres;

--
-- TOC entry 789 (class 1247 OID 30204)
-- Name: process_segment_kind; Type: TYPE; Schema: common; Owner: postgres
--

CREATE TYPE process_segment_kind AS ENUM (
    'PROCESS',
    'PRODUCTION',
    'MOVEMENT',
    'INSPECTION',
    'OPERATION'
);


ALTER TYPE process_segment_kind OWNER TO postgres;

--
-- TOC entry 792 (class 1247 OID 30216)
-- Name: response_state_kind; Type: TYPE; Schema: common; Owner: postgres
--

CREATE TYPE response_state_kind AS ENUM (
    'Ready',
    'Running',
    'Completed',
    'Aborted',
    'Holding',
    'Paused'
);


ALTER TYPE response_state_kind OWNER TO postgres;

--
-- TOC entry 407 (class 1255 OID 32480)
-- Name: disallow_editing_of_committed_document_head(); Type: FUNCTION; Schema: common; Owner: postgres
--

CREATE FUNCTION disallow_editing_of_committed_document_head() RETURNS trigger
    LANGUAGE plpgsql
    AS $$
BEGIN
  IF (TG_OP = 'UPDATE') THEN

    IF (OLD.curr_fsmt = 'COMMITTED'::common.document_fsmt AND NEW.curr_fsmt <> 'DECOMMITTED'::common.document_fsmt) THEN
      RAISE EXCEPTION 'not allowed to edit document %, %, %', OLD.id, OLD.gid, OLD.curr_fsmt; 
    END IF;
    
    RETURN NEW;

  ELSIF (TG_OP = 'DELETE') THEN

    IF (OLD.curr_fsmt = 'COMMITTED'::common.document_fsmt) THEN
      RAISE EXCEPTION 'not allowed to delete document %, %', OLD.id, OLD.curr_fsmt; 
    END IF;
    
    RETURN OLD;
  END IF;
  RETURN NULL;
END;
$$;


ALTER FUNCTION common.disallow_editing_of_committed_document_head() OWNER TO postgres;

--
-- TOC entry 408 (class 1255 OID 32481)
-- Name: set_prev_doc_fsmt(); Type: FUNCTION; Schema: common; Owner: postgres
--

CREATE FUNCTION set_prev_doc_fsmt() RETURNS trigger
    LANGUAGE plpgsql
    AS $$
BEGIN
  IF (TG_OP = 'UPDATE' AND NEW.curr_fsmt != OLD.curr_fsmt) THEN
    NEW.prev_fsmt := OLD.curr_fsmt;
    NEW.prev_fsmt_date := OLD.curr_fsmt_date;
    NEW.curr_fsmt_date := now();
  END IF;
  RETURN NEW;
END;
$$;


ALTER FUNCTION common.set_prev_doc_fsmt() OWNER TO postgres;

SET search_path = pgunit, pg_catalog;

--
-- TOC entry 350 (class 1255 OID 32229)
-- Name: assert_array_equals(anyelement, anyelement, character varying); Type: FUNCTION; Schema: pgunit; Owner: postgres
--

CREATE FUNCTION assert_array_equals(_expected anyelement, _actual anyelement, _message character varying) RETURNS void
    LANGUAGE plpgsql
    AS $$
BEGIN
  IF _expected IS NULL THEN
    RAISE EXCEPTION '#incorrect_expected_value NULL';
  END IF;
  IF NOT (_expected::varchar[] @> _actual::varchar[] AND _actual::varchar[] @> _expected::varchar[])
     OR _actual IS NULL
     OR (array_dims(_expected) <> array_dims(_actual))
  THEN
    RAISE EXCEPTION E'#assert_array_equals\n%\nExpected: %\nActual: %', _message, _expected, _actual;
  END IF;
END;
$$;


ALTER FUNCTION pgunit.assert_array_equals(_expected anyelement, _actual anyelement, _message character varying) OWNER TO postgres;

--
-- TOC entry 351 (class 1255 OID 32230)
-- Name: assert_equals(anyelement, anyelement, character varying); Type: FUNCTION; Schema: pgunit; Owner: postgres
--

CREATE FUNCTION assert_equals(_expected anyelement, _actual anyelement, _message character varying) RETURNS void
    LANGUAGE plpgsql
    AS $$
BEGIN
  IF _expected IS NULL THEN
    RAISE EXCEPTION '#incorrect_expected_value NULL';
  END IF;
  IF _expected IS DISTINCT FROM _actual THEN
    RAISE EXCEPTION E'#assert_equals\n%\nExpected: %\nActual: %', _message, _expected, _actual;
  END IF;
END;
$$;


ALTER FUNCTION pgunit.assert_equals(_expected anyelement, _actual anyelement, _message character varying) OWNER TO postgres;

--
-- TOC entry 352 (class 1255 OID 32231)
-- Name: assert_false(boolean, character varying); Type: FUNCTION; Schema: pgunit; Owner: postgres
--

CREATE FUNCTION assert_false(_value boolean, _message character varying) RETURNS void
    LANGUAGE plpgsql
    AS $$
BEGIN
  IF _value OR _value IS NULL THEN
    RAISE EXCEPTION E'#assert_false\n%\nValue: %', _message, _value;
  END IF;
END;
$$;


ALTER FUNCTION pgunit.assert_false(_value boolean, _message character varying) OWNER TO postgres;

--
-- TOC entry 353 (class 1255 OID 32232)
-- Name: assert_not_equals(anyelement, anyelement, character varying); Type: FUNCTION; Schema: pgunit; Owner: postgres
--

CREATE FUNCTION assert_not_equals(_expected anyelement, _actual anyelement, _message character varying) RETURNS void
    LANGUAGE plpgsql
    AS $$
BEGIN
  IF _expected IS NULL THEN
    RAISE EXCEPTION '#incorrect_expected_value NULL';
  END IF;
  IF _expected IS NOT DISTINCT FROM _actual THEN
    RAISE EXCEPTION E'#assert_not_equals\n%\nExpected: %\nActual: %', _message, _expected, _actual;
  END IF;
END;
$$;


ALTER FUNCTION pgunit.assert_not_equals(_expected anyelement, _actual anyelement, _message character varying) OWNER TO postgres;

--
-- TOC entry 354 (class 1255 OID 32233)
-- Name: assert_not_null(anyelement, character varying); Type: FUNCTION; Schema: pgunit; Owner: postgres
--

CREATE FUNCTION assert_not_null(_value anyelement, _message character varying) RETURNS void
    LANGUAGE plpgsql
    AS $$
BEGIN
  IF _value IS NULL THEN
    RAISE EXCEPTION E'#assert_not_null\n%', _message;
  END IF;
END;
$$;


ALTER FUNCTION pgunit.assert_not_null(_value anyelement, _message character varying) OWNER TO postgres;

--
-- TOC entry 355 (class 1255 OID 32234)
-- Name: assert_null(anyelement, character varying); Type: FUNCTION; Schema: pgunit; Owner: postgres
--

CREATE FUNCTION assert_null(_value anyelement, _message character varying) RETURNS void
    LANGUAGE plpgsql
    AS $$
BEGIN
  IF _value IS NOT NULL THEN
    RAISE EXCEPTION E'#assert_null\n%\nValue: %', _message, _value;
  END IF;
END;
$$;


ALTER FUNCTION pgunit.assert_null(_value anyelement, _message character varying) OWNER TO postgres;

--
-- TOC entry 356 (class 1255 OID 32235)
-- Name: assert_true(boolean, character varying); Type: FUNCTION; Schema: pgunit; Owner: postgres
--

CREATE FUNCTION assert_true(_value boolean, _message character varying) RETURNS void
    LANGUAGE plpgsql
    AS $$
BEGIN
  IF NOT _value OR _value IS NULL THEN
    RAISE EXCEPTION E'#assert_true\n%\nValue: %', _message, _value;
  END IF;
END;
$$;


ALTER FUNCTION pgunit.assert_true(_value boolean, _message character varying) OWNER TO postgres;

--
-- TOC entry 357 (class 1255 OID 32236)
-- Name: fail(character varying); Type: FUNCTION; Schema: pgunit; Owner: postgres
--

CREATE FUNCTION fail(_message character varying) RETURNS void
    LANGUAGE plpgsql
    AS $$
BEGIN
  RAISE EXCEPTION E'#fail\n%', _message;
END;
$$;


ALTER FUNCTION pgunit.fail(_message character varying) OWNER TO postgres;

--
-- TOC entry 358 (class 1255 OID 32237)
-- Name: run_test(character varying); Type: FUNCTION; Schema: pgunit; Owner: postgres
--

CREATE FUNCTION run_test(_sp character varying) RETURNS character varying
    LANGUAGE plpgsql
    AS $$
BEGIN
  EXECUTE 'SELECT ' || _sp;
  RAISE EXCEPTION '#OK';
EXCEPTION
  WHEN others THEN
    RETURN SQLERRM;
END;
$$;


ALTER FUNCTION pgunit.run_test(_sp character varying) OWNER TO postgres;

--
-- TOC entry 359 (class 1255 OID 32238)
-- Name: test_assert_array_equals(); Type: FUNCTION; Schema: pgunit; Owner: postgres
--

CREATE FUNCTION test_assert_array_equals() RETURNS void
    LANGUAGE plpgsql
    AS $$
DECLARE
  _message  varchar;
BEGIN
  _message := 'qazwsxedc';

  -- EMPTY ARRAYS

  PERFORM pgunit.assert_array_equals('{}'::varchar[], '{}'::varchar[], _message);

  BEGIN
    PERFORM pgunit.assert_array_equals('{}'::varchar[], array['1']::varchar[], _message);
    RAISE EXCEPTION 'Epic fail. Line: 18';
  EXCEPTION
    WHEN others THEN
      IF SQLERRM NOT ILIKE E'#assert_array_equals\n%' THEN
        RAISE;
      END IF;
  END;

  BEGIN
    PERFORM pgunit.assert_array_equals(array['1']::varchar[], '{}'::varchar[], _message);
    RAISE EXCEPTION 'Epic fail. Line: 28';
  EXCEPTION
    WHEN others THEN
      IF SQLERRM NOT ILIKE E'#assert_array_equals\n%' THEN
        RAISE;
      END IF;
  END;

  BEGIN
    PERFORM pgunit.assert_array_equals(array['1']::varchar[], NULL::varchar[], _message);
    RAISE EXCEPTION 'Epic fail. Line: 38';
  EXCEPTION
    WHEN others THEN
      IF SQLERRM NOT ILIKE E'#assert_array_equals\n%' THEN
        RAISE;
      END IF;
  END;

  BEGIN
    PERFORM pgunit.assert_array_equals('{}'::varchar[], NULL::varchar[], _message);
    RAISE EXCEPTION 'Epic fail. Line: 48';
  EXCEPTION
    WHEN others THEN
      IF SQLERRM NOT ILIKE E'#assert_array_equals\n%' THEN
        RAISE;
      END IF;
  END;

  BEGIN
    PERFORM pgunit.assert_array_equals(NULL::varchar[], array['1']::varchar[], _message);
    RAISE EXCEPTION 'Epic fail. Line: 58';
  EXCEPTION
    WHEN others THEN
      IF SQLERRM NOT ILIKE E'#incorrect_expected_value %' THEN
        RAISE;
      END IF;
  END;

  -- UNARY ARRAY

  PERFORM pgunit.assert_array_equals(array['1']::varchar[], array['1']::varchar[], _message);

  BEGIN
    PERFORM pgunit.assert_array_equals(array['2']::varchar[], array['1']::varchar[], _message);
    RAISE EXCEPTION 'Epic fail. Line: 72';
  EXCEPTION
    WHEN others THEN
      IF SQLERRM NOT ILIKE E'#assert_array_equals\n%' THEN
        RAISE;
      END IF;
  END;

  -- ARRAYS

  PERFORM pgunit.assert_array_equals(array['1', '2']::varchar[], array['1', '2']::varchar[], _message);
  PERFORM pgunit.assert_array_equals(array['2', '1']::varchar[], array['1', '2']::varchar[], _message);
  PERFORM pgunit.assert_array_equals(array['1', '2', '3']::varchar[], array['1', '3', '2']::varchar[], _message);


  BEGIN
    PERFORM pgunit.assert_array_equals(array['1', '2', '3']::varchar[], array['1', '3', '2', '2']::varchar[], _message);
    RAISE EXCEPTION 'Epic fail. Line: 77';
  EXCEPTION
  WHEN others THEN
    IF SQLERRM NOT ILIKE E'#assert_array_equals\n%' THEN
      RAISE;
    END IF;
  END;


  BEGIN
    PERFORM pgunit.assert_array_equals(array['1', '2', '3']::varchar[], array['1', '2', '2']::varchar[], _message);
    RAISE EXCEPTION 'Epic fail. Line: 89';
  EXCEPTION
    WHEN others THEN
      IF SQLERRM NOT ILIKE E'#assert_array_equals\n%' THEN
        RAISE;
      END IF;
  END;

  BEGIN
    PERFORM pgunit.assert_array_equals(array['1', '2', '3']::varchar[], array['4', '5', '6']::varchar[], _message);
    RAISE EXCEPTION 'Epic fail. Line: 99';
  EXCEPTION
    WHEN others THEN
      IF SQLERRM NOT ILIKE E'#assert_array_equals\n%' THEN
        RAISE;
      END IF;
  END;
END;
$$;


ALTER FUNCTION pgunit.test_assert_array_equals() OWNER TO postgres;

--
-- TOC entry 360 (class 1255 OID 32239)
-- Name: test_assert_equals(); Type: FUNCTION; Schema: pgunit; Owner: postgres
--

CREATE FUNCTION test_assert_equals() RETURNS void
    LANGUAGE plpgsql
    AS $$
DECLARE

  _message  varchar;
BEGIN
  _message := 'qazwsxedc';

  -- INT

  PERFORM pgunit.assert_equals(1::int, 1::int, _message);

  BEGIN
    PERFORM pgunit.assert_equals(1::int, 2::int, _message);
    RAISE EXCEPTION 'Epic fail. Line: 18';
  EXCEPTION
    WHEN others THEN
      IF SQLERRM NOT ILIKE E'#assert_equals\n%' THEN
        RAISE;
      END IF;
  END;

  BEGIN
    PERFORM pgunit.assert_equals(1::int, NULL::int, _message);
    RAISE EXCEPTION 'Epic fail. Line: 28';
  EXCEPTION
    WHEN others THEN
      IF SQLERRM NOT ILIKE E'#assert_equals\n%' THEN
        RAISE;
      END IF;
  END;

  -- INT8

  PERFORM pgunit.assert_equals(1::int8, 1::int8, _message);

  BEGIN
    PERFORM pgunit.assert_equals(1::int8, 2::int8, _message);
    RAISE EXCEPTION 'Epic fail. Line: 42';
  EXCEPTION
    WHEN others THEN
      IF SQLERRM NOT ILIKE E'#assert_equals\n%' THEN
        RAISE;
      END IF;
  END;

  -- NUMERIC

  PERFORM pgunit.assert_equals(1.1::numeric, 1.1::numeric, _message);

  BEGIN
    PERFORM pgunit.assert_equals(1.1::numeric, 1.2::numeric, _message);
    RAISE EXCEPTION 'Epic fail. Line: 56';
  EXCEPTION
    WHEN others THEN
      IF SQLERRM NOT ILIKE E'#assert_equals\n%' THEN
        RAISE;
      END IF;
  END;

  -- VARCHAR

  PERFORM pgunit.assert_equals('1.1'::varchar, '1.1'::varchar, _message);

  BEGIN
    PERFORM pgunit.assert_equals('1.1'::varchar, '1.1 '::varchar, _message);
    RAISE EXCEPTION 'Epic fail. Line: 70';
  EXCEPTION
    WHEN others THEN
      IF SQLERRM NOT ILIKE E'#assert_equals\n%' THEN
        RAISE;
      END IF;
  END;

  -- TEXT

  PERFORM pgunit.assert_equals('1.1'::text, '1.1'::text, _message);

  BEGIN
    PERFORM pgunit.assert_equals('1.1'::text, '1.1 '::text, _message);
    RAISE EXCEPTION 'Epic fail. Line: 84';
  EXCEPTION
    WHEN others THEN
      IF SQLERRM NOT ILIKE E'#assert_equals\n%' THEN
        RAISE;
      END IF;
  END;
END;
$$;


ALTER FUNCTION pgunit.test_assert_equals() OWNER TO postgres;

--
-- TOC entry 361 (class 1255 OID 32240)
-- Name: test_assert_false(); Type: FUNCTION; Schema: pgunit; Owner: postgres
--

CREATE FUNCTION test_assert_false() RETURNS void
    LANGUAGE plpgsql
    AS $$
DECLARE

  _message  varchar;
BEGIN
  _message := 'qazwsxedc';

  PERFORM pgunit.assert_false(False, _message);

  BEGIN
    PERFORM pgunit.assert_false(True, _message);
    RAISE EXCEPTION 'Epic fail. Line: 16';
  EXCEPTION
    WHEN others THEN
      IF SQLERRM NOT ILIKE E'#assert_false\n%' THEN
        RAISE;
      END IF;
  END;

  BEGIN
    PERFORM pgunit.assert_false(NULL::boolean, _message);
    RAISE EXCEPTION 'Epic fail. Line: 26';
  EXCEPTION
    WHEN others THEN
      IF SQLERRM NOT ILIKE E'#assert_false\n%' THEN
        RAISE;
      END IF;
  END;

END;
$$;


ALTER FUNCTION pgunit.test_assert_false() OWNER TO postgres;

--
-- TOC entry 362 (class 1255 OID 32241)
-- Name: test_assert_not_null(); Type: FUNCTION; Schema: pgunit; Owner: postgres
--

CREATE FUNCTION test_assert_not_null() RETURNS void
    LANGUAGE plpgsql
    AS $$
DECLARE

  _message  varchar;
BEGIN
  _message := 'qazwsxedc';

  -- INT4

  PERFORM pgunit.assert_not_null(1::int4, _message);

  BEGIN
    PERFORM pgunit.assert_not_null(NULL::int4, _message);
    RAISE EXCEPTION 'Epic fail. Line: 18';
  EXCEPTION
    WHEN others THEN
      IF SQLERRM NOT ILIKE E'#assert_not_null\n%' THEN
        RAISE;
      END IF;
  END;

  -- INT8

  PERFORM pgunit.assert_not_null(1::int8, _message);

  BEGIN
    PERFORM pgunit.assert_not_null(NULL::int8, _message);
    RAISE EXCEPTION 'Epic fail. Line: 32';
  EXCEPTION
    WHEN others THEN
      IF SQLERRM NOT ILIKE E'#assert_not_null\n%' THEN
        RAISE;
      END IF;
  END;

  -- NUMERIC

  PERFORM pgunit.assert_not_null(1.1::numeric, _message);

  BEGIN
    PERFORM pgunit.assert_not_null(NULL::numeric, _message);
    RAISE EXCEPTION 'Epic fail. Line: 46';
  EXCEPTION
    WHEN others THEN
      IF SQLERRM NOT ILIKE E'#assert_not_null\n%' THEN
        RAISE;
      END IF;
  END;

  -- VARCHAR

  PERFORM pgunit.assert_not_null('1.1'::varchar, _message);

  BEGIN
    PERFORM pgunit.assert_not_null(NULL::varchar, _message);
    RAISE EXCEPTION 'Epic fail. Line: 60';
  EXCEPTION
    WHEN others THEN
      IF SQLERRM NOT ILIKE E'#assert_not_null\n%' THEN
        RAISE;
      END IF;
  END;

  -- TEXT

  PERFORM pgunit.assert_not_null('1.1'::text, _message);

  BEGIN
    PERFORM pgunit.assert_not_null(NULL::text, _message);
    RAISE EXCEPTION 'Epic fail. Line: 74';
  EXCEPTION
    WHEN others THEN
      IF SQLERRM NOT ILIKE E'#assert_not_null\n%' THEN
        RAISE;
      END IF;
  END;
END;
$$;


ALTER FUNCTION pgunit.test_assert_not_null() OWNER TO postgres;

--
-- TOC entry 363 (class 1255 OID 32242)
-- Name: test_assert_null(); Type: FUNCTION; Schema: pgunit; Owner: postgres
--

CREATE FUNCTION test_assert_null() RETURNS void
    LANGUAGE plpgsql
    AS $$
DECLARE

  _message  varchar;
BEGIN
  _message := 'qazwsxedc';

  -- INT4

  PERFORM pgunit.assert_null(NULL::int4, _message);

  BEGIN
    PERFORM pgunit.assert_null(1::int4, _message);
    RAISE EXCEPTION 'Epic fail. Line: 18';
  EXCEPTION
    WHEN others THEN
      IF SQLERRM NOT ILIKE E'#assert_null\n%' THEN
        RAISE;
      END IF;
  END;

  -- INT8

  PERFORM pgunit.assert_null(NULL::int8, _message);


  BEGIN
    PERFORM pgunit.assert_null(1::int8, _message);
    RAISE EXCEPTION 'Epic fail. Line: 33';
  EXCEPTION
    WHEN others THEN
      IF SQLERRM NOT ILIKE E'#assert_null\n%' THEN
        RAISE;
      END IF;
  END;

  -- NUMERIC

  PERFORM pgunit.assert_null(NULL::numeric, _message);

  BEGIN
    PERFORM pgunit.assert_null(1.1::numeric, _message);
    RAISE EXCEPTION 'Epic fail. Line: 47';
  EXCEPTION
    WHEN others THEN
      IF SQLERRM NOT ILIKE E'#assert_null\n%' THEN
        RAISE;
      END IF;
  END;

  -- VARCHAR

  PERFORM pgunit.assert_null(NULL::varchar, _message);

  BEGIN
    PERFORM pgunit.assert_null('1.1'::varchar, _message);
    RAISE EXCEPTION 'Epic fail. Line: 61';
  EXCEPTION
    WHEN others THEN
      IF SQLERRM NOT ILIKE E'#assert_null\n%' THEN
        RAISE;
      END IF;
  END;

  -- TEXT

  PERFORM pgunit.assert_null(NULL::text, _message);

  BEGIN
    PERFORM pgunit.assert_null('1.1'::text, _message);
    RAISE EXCEPTION 'Epic fail. Line: 75';
  EXCEPTION
    WHEN others THEN
      IF SQLERRM NOT ILIKE E'#assert_null\n%' THEN
        RAISE;
      END IF;
  END;
END;
$$;


ALTER FUNCTION pgunit.test_assert_null() OWNER TO postgres;

--
-- TOC entry 364 (class 1255 OID 32243)
-- Name: test_assert_true(); Type: FUNCTION; Schema: pgunit; Owner: postgres
--

CREATE FUNCTION test_assert_true() RETURNS void
    LANGUAGE plpgsql
    AS $$
DECLARE
  _message  varchar;
BEGIN
  _message := 'qazwsxedc';

  PERFORM pgunit.assert_true(True, _message);

  BEGIN
    PERFORM pgunit.assert_true(False, _message);
    RAISE EXCEPTION 'Epic fail. Line: 16';
  EXCEPTION
    WHEN others THEN
      IF SQLERRM NOT ILIKE E'#assert_true\n%' THEN
        RAISE;
      END IF;
  END;

  BEGIN
    PERFORM pgunit.assert_true(NULL::boolean, _message);
    RAISE EXCEPTION 'Epic fail. Line: 26';
  EXCEPTION
    WHEN others THEN
      IF SQLERRM NOT ILIKE E'#assert_true\n%' THEN
        RAISE;
      END IF;
  END;
END;
$$;


ALTER FUNCTION pgunit.test_assert_true() OWNER TO postgres;

--
-- TOC entry 365 (class 1255 OID 32244)
-- Name: test_fail(); Type: FUNCTION; Schema: pgunit; Owner: postgres
--

CREATE FUNCTION test_fail() RETURNS void
    LANGUAGE plpgsql
    AS $$
DECLARE
  _message  text;
BEGIN
  _message := 'qazwxedc';
  BEGIN
    PERFORM pgunit.fail(_message);
    RAISE EXCEPTION 'Epic fail. Line: 14';
  EXCEPTION
    WHEN others THEN
      IF SQLERRM NOT ILIKE E'#fail\n%' THEN
        RAISE;
      END IF;
  END;
END;
$$;


ALTER FUNCTION pgunit.test_fail() OWNER TO postgres;

SET search_path = process, pg_catalog;

--
-- TOC entry 335 (class 1255 OID 30229)
-- Name: child_segment_ref_trigger(); Type: FUNCTION; Schema: process; Owner: postgres
--

CREATE FUNCTION child_segment_ref_trigger() RETURNS trigger
    LANGUAGE plpgsql
    AS $$
DECLARE
BEGIN
    IF NOT EXISTS (
        SELECT 1 FROM process.segment WHERE id = NEW.child_segment_id
        ) THEN
        RAISE foreign_key_violation USING MESSAGE = FORMAT('Referenced segment id not found, segment_id:%s', NEW.child_segment_id);
    END IF;
    RETURN NEW;
END;
$$;


ALTER FUNCTION process.child_segment_ref_trigger() OWNER TO postgres;

SET search_path = production, pg_catalog;

--
-- TOC entry 336 (class 1255 OID 30230)
-- Name: child_segment_ref_trigger(); Type: FUNCTION; Schema: production; Owner: postgres
--

CREATE FUNCTION child_segment_ref_trigger() RETURNS trigger
    LANGUAGE plpgsql
    AS $$
DECLARE
BEGIN
    IF NOT EXISTS (
        SELECT 1 FROM production.segment WHERE id = NEW.child_segment_id
        ) THEN
        RAISE foreign_key_violation USING MESSAGE = FORMAT('Referenced segment id not found, segment_id:%s', NEW.child_segment_id);
    END IF;
    RETURN NEW;
END;
$$;


ALTER FUNCTION production.child_segment_ref_trigger() OWNER TO postgres;

SET search_path = tests, pg_catalog;

--
-- TOC entry 349 (class 1255 OID 31201)
-- Name: _reset_data(); Type: FUNCTION; Schema: tests; Owner: postgres
--

CREATE FUNCTION _reset_data() RETURNS void
    LANGUAGE plpgsql
    AS $$
BEGIN
  /*
  SELECT 'TRUNCATE TABLE ' || table_schema || '.' ||table_name || ' CASCADE;'
  FROM information_schema.tables
  WHERE table_schema NOT IN ('pg_catalog', 'information_schema', 'public', 'tests', 'common')
  ORDER BY table_schema,table_name;
  */
  TRUNCATE TABLE binding.mbom_to_operation CASCADE;
  TRUNCATE TABLE component.assembly CASCADE;
  TRUNCATE TABLE component.buyable CASCADE;
  TRUNCATE TABLE component.information CASCADE;
  TRUNCATE TABLE component.part CASCADE;
  TRUNCATE TABLE ebom.assembly CASCADE;
  TRUNCATE TABLE ebom.buyable CASCADE;
  TRUNCATE TABLE ebom.definition CASCADE;
  TRUNCATE TABLE ebom.information CASCADE;
  TRUNCATE TABLE ebom.part CASCADE;
  TRUNCATE TABLE equipment.information CASCADE;
  TRUNCATE TABLE inspection.equipment CASCADE;
  TRUNCATE TABLE inspection.personnel CASCADE;
  TRUNCATE TABLE inspection.segment CASCADE;
  TRUNCATE TABLE inventory.assembly CASCADE;
  TRUNCATE TABLE inventory.buyable CASCADE;
  TRUNCATE TABLE inventory.consumable CASCADE;
  TRUNCATE TABLE inventory.information CASCADE;
  TRUNCATE TABLE inventory.part CASCADE;
  TRUNCATE TABLE inventory.primal CASCADE;
  TRUNCATE TABLE inventory.producible CASCADE;
  TRUNCATE TABLE inventory.salable CASCADE;
  TRUNCATE TABLE inventory.storable CASCADE;
  TRUNCATE TABLE maintenance.demand CASCADE;
  TRUNCATE TABLE maintenance.request CASCADE;
  TRUNCATE TABLE maintenance.response CASCADE;
  TRUNCATE TABLE material.consumable CASCADE;
  TRUNCATE TABLE material.information CASCADE;
  TRUNCATE TABLE material.primal CASCADE;
  TRUNCATE TABLE material.producible CASCADE;
  TRUNCATE TABLE mbom.consumable CASCADE;
  TRUNCATE TABLE mbom.definition CASCADE;
  TRUNCATE TABLE mbom.information CASCADE;
  TRUNCATE TABLE mbom.primal CASCADE;
  TRUNCATE TABLE movement.equipment CASCADE;
  TRUNCATE TABLE movement.personnel CASCADE;
  TRUNCATE TABLE movement.segment CASCADE;
  TRUNCATE TABLE operation.consumable CASCADE;
  TRUNCATE TABLE operation.definition CASCADE;
  TRUNCATE TABLE operation.equipment CASCADE;
  TRUNCATE TABLE operation.material CASCADE;
  TRUNCATE TABLE operation.personnel CASCADE;
  TRUNCATE TABLE operation.primal CASCADE;
  TRUNCATE TABLE operation.producible CASCADE;
  TRUNCATE TABLE operation.segment CASCADE;
  TRUNCATE TABLE operation.tool CASCADE;
  TRUNCATE TABLE personnel.information CASCADE;
  TRUNCATE TABLE process.definition CASCADE;
  TRUNCATE TABLE process.equipment CASCADE;
  TRUNCATE TABLE process.information CASCADE;
  TRUNCATE TABLE process.personnel CASCADE;
  TRUNCATE TABLE process.segment CASCADE;
  TRUNCATE TABLE process.specification CASCADE;
  TRUNCATE TABLE product.definition CASCADE;
  TRUNCATE TABLE product.dependency CASCADE;
  TRUNCATE TABLE product.equipment CASCADE;
  TRUNCATE TABLE product.information CASCADE;
  TRUNCATE TABLE product.material CASCADE;
  TRUNCATE TABLE product.personnel CASCADE;
  TRUNCATE TABLE product.segment CASCADE;
  TRUNCATE TABLE production.equipment CASCADE;
  TRUNCATE TABLE production.personnel CASCADE;
  TRUNCATE TABLE production.segment CASCADE;
  TRUNCATE TABLE production.specification CASCADE;
  /*SELECT 'ALTER SEQUENCE ' || sequence_schema || '.' || sequence_name || ' RESTART WITH 1;' 
  FROM information_schema.sequences
  WHERE sequence_catalog = 'wms' AND sequence_schema != 'common'
  ORDER by sequence_schema, sequence_name;*/
  ALTER SEQUENCE ebom.information_id_seq RESTART WITH 1;
  ALTER SEQUENCE equipment.information_id_seq RESTART WITH 1;
  ALTER SEQUENCE inventory.information_id_seq RESTART WITH 1;
  ALTER SEQUENCE maintenance.demand_id_seq RESTART WITH 1;
  ALTER SEQUENCE maintenance.request_id_seq RESTART WITH 1;
  ALTER SEQUENCE maintenance.response_id_seq RESTART WITH 1;
  ALTER SEQUENCE mbom.information_id_seq RESTART WITH 1;
  ALTER SEQUENCE operation.definition_id_seq RESTART WITH 1;
  ALTER SEQUENCE operation.segment_id_seq RESTART WITH 1;
  ALTER SEQUENCE personnel.information_id_seq RESTART WITH 1;
  ALTER SEQUENCE process.definition_id_seq RESTART WITH 1;
  ALTER SEQUENCE process.information_id_seq RESTART WITH 1;
  ALTER SEQUENCE process.segment_id_seq RESTART WITH 1;
  ALTER SEQUENCE product.information_id_seq RESTART WITH 1;
  ALTER SEQUENCE product.segment_id_seq RESTART WITH 1;

END;
$$;


ALTER FUNCTION tests._reset_data() OWNER TO postgres;

--
-- TOC entry 406 (class 1255 OID 32431)
-- Name: _run_all(); Type: FUNCTION; Schema: tests; Owner: postgres
--

CREATE FUNCTION _run_all() RETURNS void
    LANGUAGE plpgsql
    AS $$
DECLARE
  _result text;
  _routines record;
  --_function_to_run text;
  _ok_count int DEFAULT 0;
  _error_count int DEFAULT 0;
  _failed_tests text[];
BEGIN
  SET search_path = tests, pg_catalog;
  SET client_min_messages = 'debug';
  FOR _routines IN
    SELECT
      routines.routine_name || '()' AS _function_to_run
    FROM
      information_schema.routines
    WHERE
      routines.specific_schema = 'tests' AND routines.routine_name like '\_\_%'
    ORDER BY
      routines.specific_schema, routines.routine_name
  LOOP
    _result := pgunit.run_test(_routines._function_to_run);
    RAISE NOTICE 'PERFORMING: % , RESULT: %', _routines._function_to_run, _result;
    IF (_result = '#OK') THEN
      _ok_count := _ok_count + 1;
    ELSE
      _error_count := _error_count + 1;
      _failed_tests := array_append(_failed_tests, _routines._function_to_run);
    END IF;
  END LOOP;
  RAISE NOTICE 'OK - %; ERROR - %;', _ok_count, _error_count;
  IF (_error_count > 0) THEN
  RAISE NOTICE 'FAILED: %;', _failed_tests;
  END IF;
END;
$$;


ALTER FUNCTION tests._run_all() OWNER TO postgres;

SET search_path = component, pg_catalog;

SET default_tablespace = '';

SET default_with_oids = false;

--
-- TOC entry 216 (class 1259 OID 30231)
-- Name: information; Type: TABLE; Schema: component; Owner: postgres
--

CREATE TABLE information (
    part_code character varying NOT NULL,
    version_num integer DEFAULT 1 NOT NULL,
    display_name character varying NOT NULL,
    published_date date DEFAULT now() NOT NULL,
    component_type common.component_kind NOT NULL
);


ALTER TABLE information OWNER TO postgres;

--
-- TOC entry 4097 (class 0 OID 0)
-- Dependencies: 216
-- Name: TABLE information; Type: COMMENT; Schema: component; Owner: postgres
--

COMMENT ON TABLE information IS 'ebom component list';


--
-- TOC entry 217 (class 1259 OID 30239)
-- Name: assembly; Type: TABLE; Schema: component; Owner: postgres
--

CREATE TABLE assembly (
    CONSTRAINT assembly_component_type_check CHECK ((component_type = 'ASSEMBLY'::common.component_kind))
)
INHERITS (information);


ALTER TABLE assembly OWNER TO postgres;

--
-- TOC entry 4098 (class 0 OID 0)
-- Dependencies: 217
-- Name: TABLE assembly; Type: COMMENT; Schema: component; Owner: postgres
--

COMMENT ON TABLE assembly IS 'ebom assembly component';


--
-- TOC entry 218 (class 1259 OID 30248)
-- Name: buyable; Type: TABLE; Schema: component; Owner: postgres
--

CREATE TABLE buyable (
    CONSTRAINT buyable_component_type_check CHECK ((component_type = 'BUYABLE'::common.component_kind)),
    CONSTRAINT buyable_version_num_check CHECK ((version_num = 1))
)
INHERITS (information);


ALTER TABLE buyable OWNER TO postgres;

--
-- TOC entry 4099 (class 0 OID 0)
-- Dependencies: 218
-- Name: TABLE buyable; Type: COMMENT; Schema: component; Owner: postgres
--

COMMENT ON TABLE buyable IS 'ebom buyable component';


--
-- TOC entry 219 (class 1259 OID 30258)
-- Name: part; Type: TABLE; Schema: component; Owner: postgres
--

CREATE TABLE part (
    CONSTRAINT part_component_type_check CHECK ((component_type = 'PART'::common.component_kind))
)
INHERITS (information);


ALTER TABLE part OWNER TO postgres;

--
-- TOC entry 4100 (class 0 OID 0)
-- Dependencies: 219
-- Name: TABLE part; Type: COMMENT; Schema: component; Owner: postgres
--

COMMENT ON TABLE part IS 'ebom part component';


SET search_path = ebom, pg_catalog;

--
-- TOC entry 220 (class 1259 OID 30267)
-- Name: component; Type: TABLE; Schema: ebom; Owner: postgres
--

CREATE TABLE component (
    information_id bigint NOT NULL,
    part_code character varying NOT NULL,
    version_num integer NOT NULL,
    qty numeric(10,4) NOT NULL,
    component_type common.component_kind NOT NULL
);


ALTER TABLE component OWNER TO postgres;

--
-- TOC entry 221 (class 1259 OID 30273)
-- Name: assembly; Type: TABLE; Schema: ebom; Owner: postgres
--

CREATE TABLE assembly (
    CONSTRAINT assembly_component_type_check CHECK ((component_type = 'ASSEMBLY'::common.component_kind))
)
INHERITS (component);


ALTER TABLE assembly OWNER TO postgres;

--
-- TOC entry 222 (class 1259 OID 30279)
-- Name: buyable; Type: TABLE; Schema: ebom; Owner: postgres
--

CREATE TABLE buyable (
    CONSTRAINT buyable_component_type_check CHECK ((component_type = 'BUYABLE'::common.component_kind))
)
INHERITS (component);


ALTER TABLE buyable OWNER TO postgres;

--
-- TOC entry 223 (class 1259 OID 30285)
-- Name: definition; Type: TABLE; Schema: ebom; Owner: postgres
--

CREATE TABLE definition (
    id bigint NOT NULL,
    display_name character varying NOT NULL,
    published_date date DEFAULT now() NOT NULL,
    prev_fsmt common.document_fsmt,
    prev_fsmt_date timestamp with time zone,
    curr_fsmt common.document_fsmt DEFAULT 'PROPOSED'::common.document_fsmt NOT NULL,
    curr_fsmt_date timestamp with time zone DEFAULT now() NOT NULL,
    information_id bigint
);


ALTER TABLE definition OWNER TO postgres;

--
-- TOC entry 224 (class 1259 OID 30291)
-- Name: definition_id_seq; Type: SEQUENCE; Schema: ebom; Owner: postgres
--

CREATE SEQUENCE definition_id_seq
    START WITH 1
    INCREMENT BY 1
    NO MINVALUE
    NO MAXVALUE
    CACHE 1;


ALTER TABLE definition_id_seq OWNER TO postgres;

--
-- TOC entry 4101 (class 0 OID 0)
-- Dependencies: 224
-- Name: definition_id_seq; Type: SEQUENCE OWNED BY; Schema: ebom; Owner: postgres
--

ALTER SEQUENCE definition_id_seq OWNED BY definition.id;


--
-- TOC entry 320 (class 1259 OID 33629)
-- Name: information; Type: TABLE; Schema: ebom; Owner: postgres
--

CREATE TABLE information (
    id bigint NOT NULL,
    part_code character varying NOT NULL,
    version_num integer NOT NULL,
    display_name character varying NOT NULL,
    published_date date DEFAULT now() NOT NULL
);


ALTER TABLE information OWNER TO postgres;

--
-- TOC entry 319 (class 1259 OID 33627)
-- Name: information_id_seq; Type: SEQUENCE; Schema: ebom; Owner: postgres
--

CREATE SEQUENCE information_id_seq
    START WITH 1
    INCREMENT BY 1
    NO MINVALUE
    NO MAXVALUE
    CACHE 1;


ALTER TABLE information_id_seq OWNER TO postgres;

--
-- TOC entry 4102 (class 0 OID 0)
-- Dependencies: 319
-- Name: information_id_seq; Type: SEQUENCE OWNED BY; Schema: ebom; Owner: postgres
--

ALTER SEQUENCE information_id_seq OWNED BY information.id;


--
-- TOC entry 225 (class 1259 OID 30293)
-- Name: part; Type: TABLE; Schema: ebom; Owner: postgres
--

CREATE TABLE part (
    CONSTRAINT part_component_type_check CHECK ((component_type = 'PART'::common.component_kind))
)
INHERITS (component);


ALTER TABLE part OWNER TO postgres;

SET search_path = equipment, pg_catalog;

--
-- TOC entry 273 (class 1259 OID 30978)
-- Name: information; Type: TABLE; Schema: equipment; Owner: postgres
--

CREATE TABLE information (
    id bigint NOT NULL,
    descr character varying,
    location_id character varying,
    hierarhy_scope character varying,
    published_date date
);


ALTER TABLE information OWNER TO postgres;

--
-- TOC entry 4103 (class 0 OID 0)
-- Dependencies: 273
-- Name: TABLE information; Type: COMMENT; Schema: equipment; Owner: postgres
--

COMMENT ON TABLE information IS 'equipment information';


--
-- TOC entry 272 (class 1259 OID 30976)
-- Name: information_id_seq; Type: SEQUENCE; Schema: equipment; Owner: postgres
--

CREATE SEQUENCE information_id_seq
    START WITH 1
    INCREMENT BY 1
    NO MINVALUE
    NO MAXVALUE
    CACHE 1;


ALTER TABLE information_id_seq OWNER TO postgres;

--
-- TOC entry 4104 (class 0 OID 0)
-- Dependencies: 272
-- Name: information_id_seq; Type: SEQUENCE OWNED BY; Schema: equipment; Owner: postgres
--

ALTER SEQUENCE information_id_seq OWNED BY information.id;


SET search_path = goal, pg_catalog;

--
-- TOC entry 305 (class 1259 OID 32302)
-- Name: information; Type: TABLE; Schema: goal; Owner: postgres
--

CREATE TABLE information (
    id bigint NOT NULL,
    descr character varying,
    location_id character varying,
    hierarhy_scope character varying,
    published_date date
);


ALTER TABLE information OWNER TO postgres;

--
-- TOC entry 4105 (class 0 OID 0)
-- Dependencies: 305
-- Name: TABLE information; Type: COMMENT; Schema: goal; Owner: postgres
--

COMMENT ON TABLE information IS 'goal information';


--
-- TOC entry 304 (class 1259 OID 32300)
-- Name: information_id_seq; Type: SEQUENCE; Schema: goal; Owner: postgres
--

CREATE SEQUENCE information_id_seq
    START WITH 1
    INCREMENT BY 1
    NO MINVALUE
    NO MAXVALUE
    CACHE 1;


ALTER TABLE information_id_seq OWNER TO postgres;

--
-- TOC entry 4106 (class 0 OID 0)
-- Dependencies: 304
-- Name: information_id_seq; Type: SEQUENCE OWNED BY; Schema: goal; Owner: postgres
--

ALTER SEQUENCE information_id_seq OWNED BY information.id;


SET search_path = process, pg_catalog;

--
-- TOC entry 226 (class 1259 OID 30299)
-- Name: equipment; Type: TABLE; Schema: process; Owner: postgres
--

CREATE TABLE equipment (
    segment_id bigint NOT NULL,
    class_id character varying NOT NULL,
    descr character varying,
    qty numeric(10,2),
    qty_uom character varying
);


ALTER TABLE equipment OWNER TO postgres;

SET search_path = inspection, pg_catalog;

--
-- TOC entry 227 (class 1259 OID 30305)
-- Name: equipment; Type: TABLE; Schema: inspection; Owner: postgres
--

CREATE TABLE equipment (
)
INHERITS (process.equipment);


ALTER TABLE equipment OWNER TO postgres;

SET search_path = process, pg_catalog;

--
-- TOC entry 228 (class 1259 OID 30311)
-- Name: personnel; Type: TABLE; Schema: process; Owner: postgres
--

CREATE TABLE personnel (
    segment_id bigint NOT NULL,
    class_id character varying NOT NULL,
    descr character varying,
    qty numeric(10,2),
    qty_uom character varying
);


ALTER TABLE personnel OWNER TO postgres;

SET search_path = inspection, pg_catalog;

--
-- TOC entry 229 (class 1259 OID 30317)
-- Name: personnel; Type: TABLE; Schema: inspection; Owner: postgres
--

CREATE TABLE personnel (
)
INHERITS (process.personnel);


ALTER TABLE personnel OWNER TO postgres;

SET search_path = process, pg_catalog;

--
-- TOC entry 230 (class 1259 OID 30323)
-- Name: segment; Type: TABLE; Schema: process; Owner: postgres
--

CREATE TABLE segment (
    id bigint NOT NULL,
    descr character varying,
    segment_kind common.process_segment_kind,
    location_id character varying,
    hierarhy_scope character varying,
    published_date date,
    duration interval
);


ALTER TABLE segment OWNER TO postgres;

--
-- TOC entry 4107 (class 0 OID 0)
-- Dependencies: 230
-- Name: TABLE segment; Type: COMMENT; Schema: process; Owner: postgres
--

COMMENT ON TABLE segment IS 'segments to specify process';


SET search_path = inspection, pg_catalog;

--
-- TOC entry 231 (class 1259 OID 30329)
-- Name: segment; Type: TABLE; Schema: inspection; Owner: postgres
--

CREATE TABLE segment (
    CONSTRAINT segment_segment_kind_check CHECK ((segment_kind = 'INSPECTION'::common.process_segment_kind))
)
INHERITS (process.segment);


ALTER TABLE segment OWNER TO postgres;

SET search_path = inventory, pg_catalog;

--
-- TOC entry 232 (class 1259 OID 30336)
-- Name: information; Type: TABLE; Schema: inventory; Owner: postgres
--

CREATE TABLE information (
    id bigint NOT NULL,
    gid uuid DEFAULT public.uuid_generate_v1() NOT NULL,
    good_code character varying,
    inventory_type common.inventory_kind
);


ALTER TABLE information OWNER TO postgres;

--
-- TOC entry 4108 (class 0 OID 0)
-- Dependencies: 232
-- Name: TABLE information; Type: COMMENT; Schema: inventory; Owner: postgres
--

COMMENT ON TABLE information IS 'inventory item list';


--
-- TOC entry 270 (class 1259 OID 30934)
-- Name: assembly; Type: TABLE; Schema: inventory; Owner: postgres
--

CREATE TABLE assembly (
)
INHERITS (information);


ALTER TABLE assembly OWNER TO postgres;

--
-- TOC entry 4109 (class 0 OID 0)
-- Dependencies: 270
-- Name: TABLE assembly; Type: COMMENT; Schema: inventory; Owner: postgres
--

COMMENT ON TABLE assembly IS 'ebom assembly component';


--
-- TOC entry 233 (class 1259 OID 30343)
-- Name: buyable; Type: TABLE; Schema: inventory; Owner: postgres
--

CREATE TABLE buyable (
)
INHERITS (information);


ALTER TABLE buyable OWNER TO postgres;

--
-- TOC entry 4110 (class 0 OID 0)
-- Dependencies: 233
-- Name: TABLE buyable; Type: COMMENT; Schema: inventory; Owner: postgres
--

COMMENT ON TABLE buyable IS 'ebom buyable component';


--
-- TOC entry 234 (class 1259 OID 30357)
-- Name: consumable; Type: TABLE; Schema: inventory; Owner: postgres
--

CREATE TABLE consumable (
)
INHERITS (information);


ALTER TABLE consumable OWNER TO postgres;

--
-- TOC entry 4111 (class 0 OID 0)
-- Dependencies: 234
-- Name: TABLE consumable; Type: COMMENT; Schema: inventory; Owner: postgres
--

COMMENT ON TABLE consumable IS 'mbom consumable component';


--
-- TOC entry 235 (class 1259 OID 30364)
-- Name: information_id_seq; Type: SEQUENCE; Schema: inventory; Owner: postgres
--

CREATE SEQUENCE information_id_seq
    START WITH 1
    INCREMENT BY 1
    NO MINVALUE
    NO MAXVALUE
    CACHE 1;


ALTER TABLE information_id_seq OWNER TO postgres;

--
-- TOC entry 4112 (class 0 OID 0)
-- Dependencies: 235
-- Name: information_id_seq; Type: SEQUENCE OWNED BY; Schema: inventory; Owner: postgres
--

ALTER SEQUENCE information_id_seq OWNED BY information.id;


--
-- TOC entry 271 (class 1259 OID 30944)
-- Name: part; Type: TABLE; Schema: inventory; Owner: postgres
--

CREATE TABLE part (
)
INHERITS (information);


ALTER TABLE part OWNER TO postgres;

--
-- TOC entry 4113 (class 0 OID 0)
-- Dependencies: 271
-- Name: TABLE part; Type: COMMENT; Schema: inventory; Owner: postgres
--

COMMENT ON TABLE part IS 'ebom part component';


--
-- TOC entry 269 (class 1259 OID 30924)
-- Name: primal; Type: TABLE; Schema: inventory; Owner: postgres
--

CREATE TABLE primal (
)
INHERITS (information);


ALTER TABLE primal OWNER TO postgres;

--
-- TOC entry 4114 (class 0 OID 0)
-- Dependencies: 269
-- Name: TABLE primal; Type: COMMENT; Schema: inventory; Owner: postgres
--

COMMENT ON TABLE primal IS 'mbom primal material component';


--
-- TOC entry 236 (class 1259 OID 30366)
-- Name: producible; Type: TABLE; Schema: inventory; Owner: postgres
--

CREATE TABLE producible (
)
INHERITS (information);


ALTER TABLE producible OWNER TO postgres;

--
-- TOC entry 4115 (class 0 OID 0)
-- Dependencies: 236
-- Name: TABLE producible; Type: COMMENT; Schema: inventory; Owner: postgres
--

COMMENT ON TABLE producible IS 'mbom producible component';


--
-- TOC entry 237 (class 1259 OID 30373)
-- Name: salable; Type: TABLE; Schema: inventory; Owner: postgres
--

CREATE TABLE salable (
)
INHERITS (information);


ALTER TABLE salable OWNER TO postgres;

--
-- TOC entry 238 (class 1259 OID 30380)
-- Name: storable; Type: TABLE; Schema: inventory; Owner: postgres
--

CREATE TABLE storable (
)
INHERITS (information);


ALTER TABLE storable OWNER TO postgres;

SET search_path = maintenance, pg_catalog;

--
-- TOC entry 293 (class 1259 OID 31195)
-- Name: demand; Type: TABLE; Schema: maintenance; Owner: postgres
--

CREATE TABLE demand (
    id bigint NOT NULL
);


ALTER TABLE demand OWNER TO postgres;

--
-- TOC entry 4116 (class 0 OID 0)
-- Dependencies: 293
-- Name: TABLE demand; Type: COMMENT; Schema: maintenance; Owner: postgres
--

COMMENT ON TABLE demand IS 'aka order';


--
-- TOC entry 292 (class 1259 OID 31193)
-- Name: demand_id_seq; Type: SEQUENCE; Schema: maintenance; Owner: postgres
--

CREATE SEQUENCE demand_id_seq
    START WITH 1
    INCREMENT BY 1
    NO MINVALUE
    NO MAXVALUE
    CACHE 1;


ALTER TABLE demand_id_seq OWNER TO postgres;

--
-- TOC entry 4117 (class 0 OID 0)
-- Dependencies: 292
-- Name: demand_id_seq; Type: SEQUENCE OWNED BY; Schema: maintenance; Owner: postgres
--

ALTER SEQUENCE demand_id_seq OWNED BY demand.id;


--
-- TOC entry 289 (class 1259 OID 31179)
-- Name: request; Type: TABLE; Schema: maintenance; Owner: postgres
--

CREATE TABLE request (
    id bigint NOT NULL
);


ALTER TABLE request OWNER TO postgres;

--
-- TOC entry 288 (class 1259 OID 31177)
-- Name: request_id_seq; Type: SEQUENCE; Schema: maintenance; Owner: postgres
--

CREATE SEQUENCE request_id_seq
    START WITH 1
    INCREMENT BY 1
    NO MINVALUE
    NO MAXVALUE
    CACHE 1;


ALTER TABLE request_id_seq OWNER TO postgres;

--
-- TOC entry 4118 (class 0 OID 0)
-- Dependencies: 288
-- Name: request_id_seq; Type: SEQUENCE OWNED BY; Schema: maintenance; Owner: postgres
--

ALTER SEQUENCE request_id_seq OWNED BY request.id;


--
-- TOC entry 291 (class 1259 OID 31187)
-- Name: response; Type: TABLE; Schema: maintenance; Owner: postgres
--

CREATE TABLE response (
    id bigint NOT NULL
);


ALTER TABLE response OWNER TO postgres;

--
-- TOC entry 290 (class 1259 OID 31185)
-- Name: response_id_seq; Type: SEQUENCE; Schema: maintenance; Owner: postgres
--

CREATE SEQUENCE response_id_seq
    START WITH 1
    INCREMENT BY 1
    NO MINVALUE
    NO MAXVALUE
    CACHE 1;


ALTER TABLE response_id_seq OWNER TO postgres;

--
-- TOC entry 4119 (class 0 OID 0)
-- Dependencies: 290
-- Name: response_id_seq; Type: SEQUENCE OWNED BY; Schema: maintenance; Owner: postgres
--

ALTER SEQUENCE response_id_seq OWNED BY response.id;


SET search_path = material, pg_catalog;

--
-- TOC entry 239 (class 1259 OID 30387)
-- Name: information; Type: TABLE; Schema: material; Owner: postgres
--

CREATE TABLE information (
    part_code character varying NOT NULL,
    version_num integer DEFAULT 1 NOT NULL,
    display_name character varying NOT NULL,
    published_date date DEFAULT now() NOT NULL,
    material_type common.material_kind NOT NULL
);


ALTER TABLE information OWNER TO postgres;

--
-- TOC entry 4120 (class 0 OID 0)
-- Dependencies: 239
-- Name: TABLE information; Type: COMMENT; Schema: material; Owner: postgres
--

COMMENT ON TABLE information IS 'mbom component list';


--
-- TOC entry 240 (class 1259 OID 30395)
-- Name: consumable; Type: TABLE; Schema: material; Owner: postgres
--

CREATE TABLE consumable (
    CONSTRAINT consumable_material_type_check CHECK ((material_type = 'CONSUMABLE'::common.material_kind))
)
INHERITS (information);


ALTER TABLE consumable OWNER TO postgres;

--
-- TOC entry 4121 (class 0 OID 0)
-- Dependencies: 240
-- Name: TABLE consumable; Type: COMMENT; Schema: material; Owner: postgres
--

COMMENT ON TABLE consumable IS 'mbom consumable component';


--
-- TOC entry 263 (class 1259 OID 30797)
-- Name: primal; Type: TABLE; Schema: material; Owner: postgres
--

CREATE TABLE primal (
    CONSTRAINT primal_material_type_check CHECK ((material_type = 'PRIMAL'::common.material_kind)),
    CONSTRAINT primal_version_num_check CHECK ((version_num = 1))
)
INHERITS (information);


ALTER TABLE primal OWNER TO postgres;

--
-- TOC entry 4122 (class 0 OID 0)
-- Dependencies: 263
-- Name: TABLE primal; Type: COMMENT; Schema: material; Owner: postgres
--

COMMENT ON TABLE primal IS 'mbom primal component';


--
-- TOC entry 241 (class 1259 OID 30405)
-- Name: producible; Type: TABLE; Schema: material; Owner: postgres
--

CREATE TABLE producible (
    CONSTRAINT producible_material_type_check CHECK ((material_type = 'PRODUCIBLE'::common.material_kind))
)
INHERITS (information);


ALTER TABLE producible OWNER TO postgres;

--
-- TOC entry 4123 (class 0 OID 0)
-- Dependencies: 241
-- Name: TABLE producible; Type: COMMENT; Schema: material; Owner: postgres
--

COMMENT ON TABLE producible IS 'mbom producible component';


SET search_path = mbom, pg_catalog;

--
-- TOC entry 266 (class 1259 OID 30829)
-- Name: material; Type: TABLE; Schema: mbom; Owner: postgres
--

CREATE TABLE material (
    definition_id bigint NOT NULL,
    part_code character varying NOT NULL,
    version_num integer NOT NULL,
    qty numeric(10,4) NOT NULL,
    material_type common.material_kind NOT NULL,
    qty_uom character varying DEFAULT 'pcs'::character varying NOT NULL
);


ALTER TABLE material OWNER TO postgres;

--
-- TOC entry 267 (class 1259 OID 30840)
-- Name: consumable; Type: TABLE; Schema: mbom; Owner: postgres
--

CREATE TABLE consumable (
    CONSTRAINT consumable_component_type_check CHECK ((material_type = 'CONSUMABLE'::common.material_kind))
)
INHERITS (material);


ALTER TABLE consumable OWNER TO postgres;

--
-- TOC entry 265 (class 1259 OID 30815)
-- Name: definition; Type: TABLE; Schema: mbom; Owner: postgres
--

CREATE TABLE definition (
    id bigint NOT NULL,
    version_num integer NOT NULL,
    display_name character varying,
    published_date date DEFAULT now() NOT NULL,
    information_id bigint
);


ALTER TABLE definition OWNER TO postgres;

--
-- TOC entry 264 (class 1259 OID 30813)
-- Name: definition_id_seq; Type: SEQUENCE; Schema: mbom; Owner: postgres
--

CREATE SEQUENCE definition_id_seq
    START WITH 1
    INCREMENT BY 1
    NO MINVALUE
    NO MAXVALUE
    CACHE 1;


ALTER TABLE definition_id_seq OWNER TO postgres;

--
-- TOC entry 4124 (class 0 OID 0)
-- Dependencies: 264
-- Name: definition_id_seq; Type: SEQUENCE OWNED BY; Schema: mbom; Owner: postgres
--

ALTER SEQUENCE definition_id_seq OWNED BY definition.id;


--
-- TOC entry 322 (class 1259 OID 33651)
-- Name: information; Type: TABLE; Schema: mbom; Owner: postgres
--

CREATE TABLE information (
    id bigint NOT NULL,
    part_code character varying NOT NULL,
    version_num integer NOT NULL,
    display_name character varying,
    published_date date DEFAULT now() NOT NULL
);


ALTER TABLE information OWNER TO postgres;

--
-- TOC entry 321 (class 1259 OID 33649)
-- Name: information_id_seq; Type: SEQUENCE; Schema: mbom; Owner: postgres
--

CREATE SEQUENCE information_id_seq
    START WITH 1
    INCREMENT BY 1
    NO MINVALUE
    NO MAXVALUE
    CACHE 1;


ALTER TABLE information_id_seq OWNER TO postgres;

--
-- TOC entry 4125 (class 0 OID 0)
-- Dependencies: 321
-- Name: information_id_seq; Type: SEQUENCE OWNED BY; Schema: mbom; Owner: postgres
--

ALTER SEQUENCE information_id_seq OWNED BY information.id;


--
-- TOC entry 268 (class 1259 OID 30900)
-- Name: primal; Type: TABLE; Schema: mbom; Owner: postgres
--

CREATE TABLE primal (
    CONSTRAINT primal_component_type_check CHECK ((material_type = 'PRIMAL'::common.material_kind))
)
INHERITS (material);


ALTER TABLE primal OWNER TO postgres;

SET search_path = movement, pg_catalog;

--
-- TOC entry 242 (class 1259 OID 30415)
-- Name: equipment; Type: TABLE; Schema: movement; Owner: postgres
--

CREATE TABLE equipment (
)
INHERITS (process.equipment);


ALTER TABLE equipment OWNER TO postgres;

--
-- TOC entry 243 (class 1259 OID 30421)
-- Name: personnel; Type: TABLE; Schema: movement; Owner: postgres
--

CREATE TABLE personnel (
)
INHERITS (process.personnel);


ALTER TABLE personnel OWNER TO postgres;

--
-- TOC entry 244 (class 1259 OID 30427)
-- Name: segment; Type: TABLE; Schema: movement; Owner: postgres
--

CREATE TABLE segment (
    CONSTRAINT segment_segment_kind_check CHECK ((segment_kind = 'MOVEMENT'::common.process_segment_kind))
)
INHERITS (process.segment);


ALTER TABLE segment OWNER TO postgres;

SET search_path = operation, pg_catalog;

--
-- TOC entry 276 (class 1259 OID 31031)
-- Name: material; Type: TABLE; Schema: operation; Owner: postgres
--

CREATE TABLE material (
    segment_id bigint NOT NULL,
    part_code character varying NOT NULL,
    version_num integer NOT NULL,
    consumed_qty numeric(10,4) DEFAULT 1 NOT NULL,
    consumed_uom character varying DEFAULT 'pcs'::character varying NOT NULL,
    rationing_qty numeric(10,4) DEFAULT 1 NOT NULL,
    rationing_uom character varying DEFAULT 'pcs'::character varying NOT NULL,
    serial_num integer DEFAULT 1 NOT NULL
);


ALTER TABLE material OWNER TO postgres;

--
-- TOC entry 278 (class 1259 OID 31067)
-- Name: consumable; Type: TABLE; Schema: operation; Owner: postgres
--

CREATE TABLE consumable (
)
INHERITS (material);


ALTER TABLE consumable OWNER TO postgres;

--
-- TOC entry 245 (class 1259 OID 30445)
-- Name: definition; Type: TABLE; Schema: operation; Owner: postgres
--

CREATE TABLE definition (
    id bigint NOT NULL,
    gid uuid DEFAULT public.uuid_generate_v1() NOT NULL,
    descr character varying NOT NULL,
    published_date date DEFAULT now() NOT NULL,
    version_num integer DEFAULT 1 NOT NULL,
    information_id bigint
);


ALTER TABLE definition OWNER TO postgres;

--
-- TOC entry 246 (class 1259 OID 30453)
-- Name: definition_id_seq; Type: SEQUENCE; Schema: operation; Owner: postgres
--

CREATE SEQUENCE definition_id_seq
    START WITH 1
    INCREMENT BY 1
    NO MINVALUE
    NO MAXVALUE
    CACHE 1;


ALTER TABLE definition_id_seq OWNER TO postgres;

--
-- TOC entry 4126 (class 0 OID 0)
-- Dependencies: 246
-- Name: definition_id_seq; Type: SEQUENCE OWNED BY; Schema: operation; Owner: postgres
--

ALTER SEQUENCE definition_id_seq OWNED BY definition.id;


--
-- TOC entry 247 (class 1259 OID 30455)
-- Name: equipment; Type: TABLE; Schema: operation; Owner: postgres
--

CREATE TABLE equipment (
    segment_id bigint NOT NULL,
    equipment_code character varying NOT NULL,
    serial_num integer DEFAULT 1 NOT NULL
);


ALTER TABLE equipment OWNER TO postgres;

--
-- TOC entry 324 (class 1259 OID 33674)
-- Name: information; Type: TABLE; Schema: operation; Owner: postgres
--

CREATE TABLE information (
    id bigint NOT NULL,
    display_name character varying,
    published_date date DEFAULT now() NOT NULL
);


ALTER TABLE information OWNER TO postgres;

--
-- TOC entry 323 (class 1259 OID 33672)
-- Name: information_id_seq; Type: SEQUENCE; Schema: operation; Owner: postgres
--

CREATE SEQUENCE information_id_seq
    START WITH 1
    INCREMENT BY 1
    NO MINVALUE
    NO MAXVALUE
    CACHE 1;


ALTER TABLE information_id_seq OWNER TO postgres;

--
-- TOC entry 4127 (class 0 OID 0)
-- Dependencies: 323
-- Name: information_id_seq; Type: SEQUENCE OWNED BY; Schema: operation; Owner: postgres
--

ALTER SEQUENCE information_id_seq OWNED BY information.id;


--
-- TOC entry 248 (class 1259 OID 30462)
-- Name: personnel; Type: TABLE; Schema: operation; Owner: postgres
--

CREATE TABLE personnel (
    segment_id bigint NOT NULL,
    personnel_code character varying NOT NULL,
    serial_num integer DEFAULT 1 NOT NULL,
    simultaneously_qty integer DEFAULT 1 NOT NULL,
    batch_qty numeric(10,4) DEFAULT 1 NOT NULL,
    time_per_piece_ratio numeric(10,4) DEFAULT 1 NOT NULL,
    standard_setup_time interval DEFAULT '00:01:00'::interval NOT NULL,
    standard_piece_time interval DEFAULT '00:01:00'::interval NOT NULL,
    workers_qty integer DEFAULT 1 NOT NULL,
    rationing_qty numeric(10,4) DEFAULT 1 NOT NULL,
    rationing_uom character varying DEFAULT 'pcs'::character varying NOT NULL
);


ALTER TABLE personnel OWNER TO postgres;

--
-- TOC entry 277 (class 1259 OID 31044)
-- Name: primal; Type: TABLE; Schema: operation; Owner: postgres
--

CREATE TABLE primal (
)
INHERITS (material);


ALTER TABLE primal OWNER TO postgres;

--
-- TOC entry 249 (class 1259 OID 30477)
-- Name: producible; Type: TABLE; Schema: operation; Owner: postgres
--

CREATE TABLE producible (
    definition_id bigint NOT NULL,
    part_code character varying NOT NULL,
    version_num integer NOT NULL,
    produced_qty numeric(10,4) DEFAULT 1 NOT NULL,
    produced_uom character varying DEFAULT 'pcs'::character varying NOT NULL,
    serial_num integer DEFAULT 1 NOT NULL
);


ALTER TABLE producible OWNER TO postgres;

--
-- TOC entry 250 (class 1259 OID 30486)
-- Name: segment; Type: TABLE; Schema: operation; Owner: postgres
--

CREATE TABLE segment (
    id bigint NOT NULL,
    definition_id bigint NOT NULL,
    operation_code character varying NOT NULL,
    serial_num integer DEFAULT 1 NOT NULL
);


ALTER TABLE segment OWNER TO postgres;

--
-- TOC entry 251 (class 1259 OID 30493)
-- Name: segment_id_seq; Type: SEQUENCE; Schema: operation; Owner: postgres
--

CREATE SEQUENCE segment_id_seq
    START WITH 1
    INCREMENT BY 1
    NO MINVALUE
    NO MAXVALUE
    CACHE 1;


ALTER TABLE segment_id_seq OWNER TO postgres;

--
-- TOC entry 4128 (class 0 OID 0)
-- Dependencies: 251
-- Name: segment_id_seq; Type: SEQUENCE OWNED BY; Schema: operation; Owner: postgres
--

ALTER SEQUENCE segment_id_seq OWNED BY segment.id;


--
-- TOC entry 252 (class 1259 OID 30495)
-- Name: tooling; Type: TABLE; Schema: operation; Owner: postgres
--

CREATE TABLE tooling (
    segment_id bigint NOT NULL,
    tool_code character varying NOT NULL,
    serial_num integer DEFAULT 1 NOT NULL
);


ALTER TABLE tooling OWNER TO postgres;

SET search_path = performance, pg_catalog;

--
-- TOC entry 303 (class 1259 OID 32291)
-- Name: information; Type: TABLE; Schema: performance; Owner: postgres
--

CREATE TABLE information (
    id bigint NOT NULL,
    descr character varying,
    location_id character varying,
    hierarhy_scope character varying,
    published_date date
);


ALTER TABLE information OWNER TO postgres;

--
-- TOC entry 4129 (class 0 OID 0)
-- Dependencies: 303
-- Name: TABLE information; Type: COMMENT; Schema: performance; Owner: postgres
--

COMMENT ON TABLE information IS 'performance information';


--
-- TOC entry 302 (class 1259 OID 32289)
-- Name: information_id_seq; Type: SEQUENCE; Schema: performance; Owner: postgres
--

CREATE SEQUENCE information_id_seq
    START WITH 1
    INCREMENT BY 1
    NO MINVALUE
    NO MAXVALUE
    CACHE 1;


ALTER TABLE information_id_seq OWNER TO postgres;

--
-- TOC entry 4130 (class 0 OID 0)
-- Dependencies: 302
-- Name: information_id_seq; Type: SEQUENCE OWNED BY; Schema: performance; Owner: postgres
--

ALTER SEQUENCE information_id_seq OWNED BY information.id;


SET search_path = personnel, pg_catalog;

--
-- TOC entry 275 (class 1259 OID 30990)
-- Name: information; Type: TABLE; Schema: personnel; Owner: postgres
--

CREATE TABLE information (
    id bigint NOT NULL,
    descr character varying,
    location_id character varying,
    hierarhy_scope character varying,
    published_date date
);


ALTER TABLE information OWNER TO postgres;

--
-- TOC entry 4131 (class 0 OID 0)
-- Dependencies: 275
-- Name: TABLE information; Type: COMMENT; Schema: personnel; Owner: postgres
--

COMMENT ON TABLE information IS 'personnel information';


--
-- TOC entry 274 (class 1259 OID 30988)
-- Name: information_id_seq; Type: SEQUENCE; Schema: personnel; Owner: postgres
--

CREATE SEQUENCE information_id_seq
    START WITH 1
    INCREMENT BY 1
    NO MINVALUE
    NO MAXVALUE
    CACHE 1;


ALTER TABLE information_id_seq OWNER TO postgres;

--
-- TOC entry 4132 (class 0 OID 0)
-- Dependencies: 274
-- Name: information_id_seq; Type: SEQUENCE OWNED BY; Schema: personnel; Owner: postgres
--

ALTER SEQUENCE information_id_seq OWNED BY information.id;


SET search_path = process, pg_catalog;

--
-- TOC entry 253 (class 1259 OID 30502)
-- Name: definition; Type: TABLE; Schema: process; Owner: postgres
--

CREATE TABLE definition (
    id bigint NOT NULL,
    descr character varying
);


ALTER TABLE definition OWNER TO postgres;

--
-- TOC entry 4133 (class 0 OID 0)
-- Dependencies: 253
-- Name: TABLE definition; Type: COMMENT; Schema: process; Owner: postgres
--

COMMENT ON TABLE definition IS 'definition of specific process';


--
-- TOC entry 254 (class 1259 OID 30508)
-- Name: definition_id_seq; Type: SEQUENCE; Schema: process; Owner: postgres
--

CREATE SEQUENCE definition_id_seq
    START WITH 1
    INCREMENT BY 1
    NO MINVALUE
    NO MAXVALUE
    CACHE 1;


ALTER TABLE definition_id_seq OWNER TO postgres;

--
-- TOC entry 4134 (class 0 OID 0)
-- Dependencies: 254
-- Name: definition_id_seq; Type: SEQUENCE OWNED BY; Schema: process; Owner: postgres
--

ALTER SEQUENCE definition_id_seq OWNED BY definition.id;


--
-- TOC entry 255 (class 1259 OID 30510)
-- Name: information; Type: TABLE; Schema: process; Owner: postgres
--

CREATE TABLE information (
    id bigint NOT NULL,
    descr character varying,
    location_id character varying,
    hierarhy_scope character varying,
    published_date date
);


ALTER TABLE information OWNER TO postgres;

--
-- TOC entry 4135 (class 0 OID 0)
-- Dependencies: 255
-- Name: TABLE information; Type: COMMENT; Schema: process; Owner: postgres
--

COMMENT ON TABLE information IS 'list of process segments';


--
-- TOC entry 256 (class 1259 OID 30516)
-- Name: information_id_seq; Type: SEQUENCE; Schema: process; Owner: postgres
--

CREATE SEQUENCE information_id_seq
    START WITH 1
    INCREMENT BY 1
    NO MINVALUE
    NO MAXVALUE
    CACHE 1;


ALTER TABLE information_id_seq OWNER TO postgres;

--
-- TOC entry 4136 (class 0 OID 0)
-- Dependencies: 256
-- Name: information_id_seq; Type: SEQUENCE OWNED BY; Schema: process; Owner: postgres
--

ALTER SEQUENCE information_id_seq OWNED BY information.id;


--
-- TOC entry 257 (class 1259 OID 30518)
-- Name: segment_id_seq; Type: SEQUENCE; Schema: process; Owner: postgres
--

CREATE SEQUENCE segment_id_seq
    START WITH 1
    INCREMENT BY 1
    NO MINVALUE
    NO MAXVALUE
    CACHE 1;


ALTER TABLE segment_id_seq OWNER TO postgres;

--
-- TOC entry 4137 (class 0 OID 0)
-- Dependencies: 257
-- Name: segment_id_seq; Type: SEQUENCE OWNED BY; Schema: process; Owner: postgres
--

ALTER SEQUENCE segment_id_seq OWNED BY segment.id;


--
-- TOC entry 258 (class 1259 OID 30520)
-- Name: specification; Type: TABLE; Schema: process; Owner: postgres
--

CREATE TABLE specification (
    parent_segment_id bigint NOT NULL,
    child_segment_id bigint NOT NULL,
    qty integer DEFAULT 1 NOT NULL,
    CONSTRAINT specification_check CHECK ((parent_segment_id <> child_segment_id))
);


ALTER TABLE specification OWNER TO postgres;

SET search_path = product, pg_catalog;

--
-- TOC entry 281 (class 1259 OID 31115)
-- Name: definition; Type: TABLE; Schema: product; Owner: postgres
--

CREATE TABLE definition (
    information_id bigint NOT NULL,
    part_code character varying NOT NULL,
    version_num integer NOT NULL
);


ALTER TABLE definition OWNER TO postgres;

--
-- TOC entry 286 (class 1259 OID 31156)
-- Name: dependency; Type: TABLE; Schema: product; Owner: postgres
--

CREATE TABLE dependency (
    parent_segment_id bigint NOT NULL,
    child_segment_id bigint NOT NULL,
    qty integer DEFAULT 1 NOT NULL,
    dependency_type common.dependency_kind,
    CONSTRAINT dependency_check CHECK ((parent_segment_id <> child_segment_id))
);


ALTER TABLE dependency OWNER TO postgres;

--
-- TOC entry 284 (class 1259 OID 31134)
-- Name: equipment; Type: TABLE; Schema: product; Owner: postgres
--

CREATE TABLE equipment (
    segment_id bigint NOT NULL,
    class_id character varying NOT NULL,
    descr character varying,
    qty numeric(10,2),
    qty_uom character varying
);


ALTER TABLE equipment OWNER TO postgres;

--
-- TOC entry 280 (class 1259 OID 31100)
-- Name: information; Type: TABLE; Schema: product; Owner: postgres
--

CREATE TABLE information (
    id bigint NOT NULL,
    part_code character varying NOT NULL,
    version_num integer NOT NULL,
    display_name character varying,
    published_date date DEFAULT now() NOT NULL
);


ALTER TABLE information OWNER TO postgres;

--
-- TOC entry 279 (class 1259 OID 31098)
-- Name: information_id_seq; Type: SEQUENCE; Schema: product; Owner: postgres
--

CREATE SEQUENCE information_id_seq
    START WITH 1
    INCREMENT BY 1
    NO MINVALUE
    NO MAXVALUE
    CACHE 1;


ALTER TABLE information_id_seq OWNER TO postgres;

--
-- TOC entry 4138 (class 0 OID 0)
-- Dependencies: 279
-- Name: information_id_seq; Type: SEQUENCE OWNED BY; Schema: product; Owner: postgres
--

ALTER SEQUENCE information_id_seq OWNED BY information.id;


--
-- TOC entry 287 (class 1259 OID 31168)
-- Name: material; Type: TABLE; Schema: product; Owner: postgres
--

CREATE TABLE material (
    segment_id bigint NOT NULL,
    class_id character varying NOT NULL,
    descr character varying,
    qty numeric(10,2),
    qty_uom character varying,
    material_use common.material_use_kind
);


ALTER TABLE material OWNER TO postgres;

--
-- TOC entry 285 (class 1259 OID 31143)
-- Name: personnel; Type: TABLE; Schema: product; Owner: postgres
--

CREATE TABLE personnel (
    segment_id bigint NOT NULL,
    class_id character varying NOT NULL,
    descr character varying,
    qty numeric(10,2),
    qty_uom character varying
);


ALTER TABLE personnel OWNER TO postgres;

--
-- TOC entry 283 (class 1259 OID 31125)
-- Name: segment; Type: TABLE; Schema: product; Owner: postgres
--

CREATE TABLE segment (
    id bigint NOT NULL,
    descr character varying,
    location_id character varying,
    hierarhy_scope character varying,
    published_date date,
    duration interval
);


ALTER TABLE segment OWNER TO postgres;

--
-- TOC entry 4139 (class 0 OID 0)
-- Dependencies: 283
-- Name: TABLE segment; Type: COMMENT; Schema: product; Owner: postgres
--

COMMENT ON TABLE segment IS 'segments to specify product';


--
-- TOC entry 282 (class 1259 OID 31123)
-- Name: segment_id_seq; Type: SEQUENCE; Schema: product; Owner: postgres
--

CREATE SEQUENCE segment_id_seq
    START WITH 1
    INCREMENT BY 1
    NO MINVALUE
    NO MAXVALUE
    CACHE 1;


ALTER TABLE segment_id_seq OWNER TO postgres;

--
-- TOC entry 4140 (class 0 OID 0)
-- Dependencies: 282
-- Name: segment_id_seq; Type: SEQUENCE OWNED BY; Schema: product; Owner: postgres
--

ALTER SEQUENCE segment_id_seq OWNED BY segment.id;


SET search_path = production, pg_catalog;

--
-- TOC entry 259 (class 1259 OID 30525)
-- Name: equipment; Type: TABLE; Schema: production; Owner: postgres
--

CREATE TABLE equipment (
)
INHERITS (process.equipment);


ALTER TABLE equipment OWNER TO postgres;

--
-- TOC entry 260 (class 1259 OID 30531)
-- Name: personnel; Type: TABLE; Schema: production; Owner: postgres
--

CREATE TABLE personnel (
)
INHERITS (process.personnel);


ALTER TABLE personnel OWNER TO postgres;

--
-- TOC entry 261 (class 1259 OID 30537)
-- Name: segment; Type: TABLE; Schema: production; Owner: postgres
--

CREATE TABLE segment (
    segment_class character varying,
    CONSTRAINT segment_segment_kind_check CHECK ((segment_kind = 'PRODUCTION'::common.process_segment_kind))
)
INHERITS (process.segment);


ALTER TABLE segment OWNER TO postgres;

--
-- TOC entry 262 (class 1259 OID 30544)
-- Name: specification; Type: TABLE; Schema: production; Owner: postgres
--

CREATE TABLE specification (
    CONSTRAINT specification_check CHECK ((parent_segment_id <> child_segment_id))
)
INHERITS (process.specification);


ALTER TABLE specification OWNER TO postgres;

SET search_path = request, pg_catalog;

--
-- TOC entry 295 (class 1259 OID 32247)
-- Name: information; Type: TABLE; Schema: request; Owner: postgres
--

CREATE TABLE information (
    id bigint NOT NULL,
    descr character varying,
    location_id character varying,
    hierarhy_scope character varying,
    published_date date
);


ALTER TABLE information OWNER TO postgres;

--
-- TOC entry 4141 (class 0 OID 0)
-- Dependencies: 295
-- Name: TABLE information; Type: COMMENT; Schema: request; Owner: postgres
--

COMMENT ON TABLE information IS 'request information';


--
-- TOC entry 294 (class 1259 OID 32245)
-- Name: information_id_seq; Type: SEQUENCE; Schema: request; Owner: postgres
--

CREATE SEQUENCE information_id_seq
    START WITH 1
    INCREMENT BY 1
    NO MINVALUE
    NO MAXVALUE
    CACHE 1;


ALTER TABLE information_id_seq OWNER TO postgres;

--
-- TOC entry 4142 (class 0 OID 0)
-- Dependencies: 294
-- Name: information_id_seq; Type: SEQUENCE OWNED BY; Schema: request; Owner: postgres
--

ALTER SEQUENCE information_id_seq OWNED BY information.id;


SET search_path = response, pg_catalog;

--
-- TOC entry 297 (class 1259 OID 32258)
-- Name: information; Type: TABLE; Schema: response; Owner: postgres
--

CREATE TABLE information (
    id bigint NOT NULL,
    descr character varying,
    location_id character varying,
    hierarhy_scope character varying,
    published_date date
);


ALTER TABLE information OWNER TO postgres;

--
-- TOC entry 4143 (class 0 OID 0)
-- Dependencies: 297
-- Name: TABLE information; Type: COMMENT; Schema: response; Owner: postgres
--

COMMENT ON TABLE information IS 'response information';


--
-- TOC entry 296 (class 1259 OID 32256)
-- Name: information_id_seq; Type: SEQUENCE; Schema: response; Owner: postgres
--

CREATE SEQUENCE information_id_seq
    START WITH 1
    INCREMENT BY 1
    NO MINVALUE
    NO MAXVALUE
    CACHE 1;


ALTER TABLE information_id_seq OWNER TO postgres;

--
-- TOC entry 4144 (class 0 OID 0)
-- Dependencies: 296
-- Name: information_id_seq; Type: SEQUENCE OWNED BY; Schema: response; Owner: postgres
--

ALTER SEQUENCE information_id_seq OWNED BY information.id;


SET search_path = schedule, pg_catalog;

--
-- TOC entry 299 (class 1259 OID 32269)
-- Name: information; Type: TABLE; Schema: schedule; Owner: postgres
--

CREATE TABLE information (
    id bigint NOT NULL,
    descr character varying,
    location_id character varying,
    hierarhy_scope character varying,
    published_date date
);


ALTER TABLE information OWNER TO postgres;

--
-- TOC entry 4145 (class 0 OID 0)
-- Dependencies: 299
-- Name: TABLE information; Type: COMMENT; Schema: schedule; Owner: postgres
--

COMMENT ON TABLE information IS 'schedule information';


--
-- TOC entry 298 (class 1259 OID 32267)
-- Name: information_id_seq; Type: SEQUENCE; Schema: schedule; Owner: postgres
--

CREATE SEQUENCE information_id_seq
    START WITH 1
    INCREMENT BY 1
    NO MINVALUE
    NO MAXVALUE
    CACHE 1;


ALTER TABLE information_id_seq OWNER TO postgres;

--
-- TOC entry 4146 (class 0 OID 0)
-- Dependencies: 298
-- Name: information_id_seq; Type: SEQUENCE OWNED BY; Schema: schedule; Owner: postgres
--

ALTER SEQUENCE information_id_seq OWNED BY information.id;


SET search_path = tests, pg_catalog;

--
-- TOC entry 316 (class 1259 OID 32432)
-- Name: pgunit_covarage; Type: VIEW; Schema: tests; Owner: postgres
--

CREATE VIEW pgunit_covarage AS
 SELECT ((('__'::text || (routines.specific_schema)::text) || '__'::text) || (routines.routine_name)::text) AS _function_to_run
   FROM information_schema.routines
  WHERE (((routines.specific_schema)::text <> ALL (ARRAY[('tests'::character varying)::text, ('pgunit'::character varying)::text, ('public'::character varying)::text, ('pg_catalog'::character varying)::text, ('information_schema'::character varying)::text])) AND ((routines.routine_name)::text !~~ 'disall%'::text))
EXCEPT
 SELECT routines.routine_name AS _function_to_run
   FROM information_schema.routines
  WHERE (((routines.specific_schema)::text = 'tests'::text) AND ((routines.routine_name)::text ~~ '\_\_%'::text))
  ORDER BY 1;


ALTER TABLE pgunit_covarage OWNER TO postgres;

--
-- TOC entry 317 (class 1259 OID 32437)
-- Name: plpgsql_check_all; Type: VIEW; Schema: tests; Owner: postgres
--

CREATE VIEW plpgsql_check_all AS
 SELECT ((ss.pcf).functionid)::regprocedure AS functionid,
    (ss.pcf).lineno AS lineno,
    (ss.pcf).statement AS statement,
    (ss.pcf).sqlstate AS sqlstate,
    (ss.pcf).message AS message,
    (ss.pcf).detail AS detail,
    (ss.pcf).hint AS hint,
    (ss.pcf).level AS level,
    (ss.pcf)."position" AS "position",
    (ss.pcf).query AS query,
    (ss.pcf).context AS context
   FROM ( SELECT public.plpgsql_check_function_tb((pg_proc.oid)::regprocedure, (COALESCE(pg_trigger.tgrelid, (0)::oid))::regclass) AS pcf
           FROM (pg_proc
             LEFT JOIN pg_trigger ON ((pg_trigger.tgfoid = pg_proc.oid)))
          WHERE ((pg_proc.prolang = ( SELECT lang.oid
                   FROM pg_language lang
                  WHERE (lang.lanname = 'plpgsql'::name))) AND (pg_proc.pronamespace <> ( SELECT nsp.oid
                   FROM pg_namespace nsp
                  WHERE (nsp.nspname = 'pg_catalog'::name))) AND ((pg_proc.prorettype <> ( SELECT typ.oid
                   FROM pg_type typ
                  WHERE (typ.typname = 'trigger'::name))) OR (pg_trigger.tgfoid IS NOT NULL)))
         OFFSET 0) ss
  ORDER BY (((ss.pcf).functionid)::regprocedure)::text, (ss.pcf).lineno;


ALTER TABLE plpgsql_check_all OWNER TO postgres;

--
-- TOC entry 318 (class 1259 OID 32442)
-- Name: plpgsql_check_nontriggered; Type: VIEW; Schema: tests; Owner: postgres
--

CREATE VIEW plpgsql_check_nontriggered AS
 SELECT p.oid,
    p.proname,
    public.plpgsql_check_function((p.oid)::regprocedure) AS plpgsql_check_function
   FROM ((pg_namespace n
     JOIN pg_proc p ON ((p.pronamespace = n.oid)))
     JOIN pg_language l ON ((p.prolang = l.oid)))
  WHERE ((l.lanname = 'plpgsql'::name) AND (p.prorettype <> (2279)::oid));


ALTER TABLE plpgsql_check_nontriggered OWNER TO postgres;

SET search_path = tooling, pg_catalog;

--
-- TOC entry 301 (class 1259 OID 32280)
-- Name: information; Type: TABLE; Schema: tooling; Owner: postgres
--

CREATE TABLE information (
    id bigint NOT NULL,
    descr character varying,
    location_id character varying,
    hierarhy_scope character varying,
    published_date date
);


ALTER TABLE information OWNER TO postgres;

--
-- TOC entry 4147 (class 0 OID 0)
-- Dependencies: 301
-- Name: TABLE information; Type: COMMENT; Schema: tooling; Owner: postgres
--

COMMENT ON TABLE information IS 'tool information';


--
-- TOC entry 300 (class 1259 OID 32278)
-- Name: information_id_seq; Type: SEQUENCE; Schema: tooling; Owner: postgres
--

CREATE SEQUENCE information_id_seq
    START WITH 1
    INCREMENT BY 1
    NO MINVALUE
    NO MAXVALUE
    CACHE 1;


ALTER TABLE information_id_seq OWNER TO postgres;

--
-- TOC entry 4148 (class 0 OID 0)
-- Dependencies: 300
-- Name: information_id_seq; Type: SEQUENCE OWNED BY; Schema: tooling; Owner: postgres
--

ALTER SEQUENCE information_id_seq OWNED BY information.id;


SET search_path = component, pg_catalog;

--
-- TOC entry 3540 (class 2604 OID 30549)
-- Name: assembly version_num; Type: DEFAULT; Schema: component; Owner: postgres
--

ALTER TABLE ONLY assembly ALTER COLUMN version_num SET DEFAULT 1;


--
-- TOC entry 3541 (class 2604 OID 30550)
-- Name: assembly published_date; Type: DEFAULT; Schema: component; Owner: postgres
--

ALTER TABLE ONLY assembly ALTER COLUMN published_date SET DEFAULT now();


--
-- TOC entry 3543 (class 2604 OID 30551)
-- Name: buyable version_num; Type: DEFAULT; Schema: component; Owner: postgres
--

ALTER TABLE ONLY buyable ALTER COLUMN version_num SET DEFAULT 1;


--
-- TOC entry 3544 (class 2604 OID 30552)
-- Name: buyable published_date; Type: DEFAULT; Schema: component; Owner: postgres
--

ALTER TABLE ONLY buyable ALTER COLUMN published_date SET DEFAULT now();


--
-- TOC entry 3547 (class 2604 OID 30553)
-- Name: part version_num; Type: DEFAULT; Schema: component; Owner: postgres
--

ALTER TABLE ONLY part ALTER COLUMN version_num SET DEFAULT 1;


--
-- TOC entry 3548 (class 2604 OID 30554)
-- Name: part published_date; Type: DEFAULT; Schema: component; Owner: postgres
--

ALTER TABLE ONLY part ALTER COLUMN published_date SET DEFAULT now();


SET search_path = ebom, pg_catalog;

--
-- TOC entry 3552 (class 2604 OID 30555)
-- Name: definition id; Type: DEFAULT; Schema: ebom; Owner: postgres
--

ALTER TABLE ONLY definition ALTER COLUMN id SET DEFAULT nextval('definition_id_seq'::regclass);


--
-- TOC entry 3660 (class 2604 OID 33632)
-- Name: information id; Type: DEFAULT; Schema: ebom; Owner: postgres
--

ALTER TABLE ONLY information ALTER COLUMN id SET DEFAULT nextval('information_id_seq'::regclass);


SET search_path = equipment, pg_catalog;

--
-- TOC entry 3627 (class 2604 OID 30981)
-- Name: information id; Type: DEFAULT; Schema: equipment; Owner: postgres
--

ALTER TABLE ONLY information ALTER COLUMN id SET DEFAULT nextval('information_id_seq'::regclass);


SET search_path = goal, pg_catalog;

--
-- TOC entry 3657 (class 2604 OID 32305)
-- Name: information id; Type: DEFAULT; Schema: goal; Owner: postgres
--

ALTER TABLE ONLY information ALTER COLUMN id SET DEFAULT nextval('information_id_seq'::regclass);


SET search_path = inspection, pg_catalog;

--
-- TOC entry 3558 (class 2604 OID 30556)
-- Name: segment id; Type: DEFAULT; Schema: inspection; Owner: postgres
--

ALTER TABLE ONLY segment ALTER COLUMN id SET DEFAULT nextval('process.segment_id_seq'::regclass);


SET search_path = inventory, pg_catalog;

--
-- TOC entry 3623 (class 2604 OID 30937)
-- Name: assembly id; Type: DEFAULT; Schema: inventory; Owner: postgres
--

ALTER TABLE ONLY assembly ALTER COLUMN id SET DEFAULT nextval('information_id_seq'::regclass);


--
-- TOC entry 3624 (class 2604 OID 30938)
-- Name: assembly gid; Type: DEFAULT; Schema: inventory; Owner: postgres
--

ALTER TABLE ONLY assembly ALTER COLUMN gid SET DEFAULT public.uuid_generate_v1();


--
-- TOC entry 3562 (class 2604 OID 30557)
-- Name: buyable id; Type: DEFAULT; Schema: inventory; Owner: postgres
--

ALTER TABLE ONLY buyable ALTER COLUMN id SET DEFAULT nextval('information_id_seq'::regclass);


--
-- TOC entry 3563 (class 2604 OID 30558)
-- Name: buyable gid; Type: DEFAULT; Schema: inventory; Owner: postgres
--

ALTER TABLE ONLY buyable ALTER COLUMN gid SET DEFAULT public.uuid_generate_v1();


--
-- TOC entry 3564 (class 2604 OID 30561)
-- Name: consumable id; Type: DEFAULT; Schema: inventory; Owner: postgres
--

ALTER TABLE ONLY consumable ALTER COLUMN id SET DEFAULT nextval('information_id_seq'::regclass);


--
-- TOC entry 3565 (class 2604 OID 30562)
-- Name: consumable gid; Type: DEFAULT; Schema: inventory; Owner: postgres
--

ALTER TABLE ONLY consumable ALTER COLUMN gid SET DEFAULT public.uuid_generate_v1();


--
-- TOC entry 3561 (class 2604 OID 30563)
-- Name: information id; Type: DEFAULT; Schema: inventory; Owner: postgres
--

ALTER TABLE ONLY information ALTER COLUMN id SET DEFAULT nextval('information_id_seq'::regclass);


--
-- TOC entry 3625 (class 2604 OID 30947)
-- Name: part id; Type: DEFAULT; Schema: inventory; Owner: postgres
--

ALTER TABLE ONLY part ALTER COLUMN id SET DEFAULT nextval('information_id_seq'::regclass);


--
-- TOC entry 3626 (class 2604 OID 30948)
-- Name: part gid; Type: DEFAULT; Schema: inventory; Owner: postgres
--

ALTER TABLE ONLY part ALTER COLUMN gid SET DEFAULT public.uuid_generate_v1();


--
-- TOC entry 3621 (class 2604 OID 30927)
-- Name: primal id; Type: DEFAULT; Schema: inventory; Owner: postgres
--

ALTER TABLE ONLY primal ALTER COLUMN id SET DEFAULT nextval('information_id_seq'::regclass);


--
-- TOC entry 3622 (class 2604 OID 30928)
-- Name: primal gid; Type: DEFAULT; Schema: inventory; Owner: postgres
--

ALTER TABLE ONLY primal ALTER COLUMN gid SET DEFAULT public.uuid_generate_v1();


--
-- TOC entry 3566 (class 2604 OID 30564)
-- Name: producible id; Type: DEFAULT; Schema: inventory; Owner: postgres
--

ALTER TABLE ONLY producible ALTER COLUMN id SET DEFAULT nextval('information_id_seq'::regclass);


--
-- TOC entry 3567 (class 2604 OID 30565)
-- Name: producible gid; Type: DEFAULT; Schema: inventory; Owner: postgres
--

ALTER TABLE ONLY producible ALTER COLUMN gid SET DEFAULT public.uuid_generate_v1();


--
-- TOC entry 3568 (class 2604 OID 30566)
-- Name: salable id; Type: DEFAULT; Schema: inventory; Owner: postgres
--

ALTER TABLE ONLY salable ALTER COLUMN id SET DEFAULT nextval('information_id_seq'::regclass);


--
-- TOC entry 3569 (class 2604 OID 30567)
-- Name: salable gid; Type: DEFAULT; Schema: inventory; Owner: postgres
--

ALTER TABLE ONLY salable ALTER COLUMN gid SET DEFAULT public.uuid_generate_v1();


--
-- TOC entry 3570 (class 2604 OID 30568)
-- Name: storable id; Type: DEFAULT; Schema: inventory; Owner: postgres
--

ALTER TABLE ONLY storable ALTER COLUMN id SET DEFAULT nextval('information_id_seq'::regclass);


--
-- TOC entry 3571 (class 2604 OID 30569)
-- Name: storable gid; Type: DEFAULT; Schema: inventory; Owner: postgres
--

ALTER TABLE ONLY storable ALTER COLUMN gid SET DEFAULT public.uuid_generate_v1();


SET search_path = maintenance, pg_catalog;

--
-- TOC entry 3651 (class 2604 OID 31198)
-- Name: demand id; Type: DEFAULT; Schema: maintenance; Owner: postgres
--

ALTER TABLE ONLY demand ALTER COLUMN id SET DEFAULT nextval('demand_id_seq'::regclass);


--
-- TOC entry 3649 (class 2604 OID 31182)
-- Name: request id; Type: DEFAULT; Schema: maintenance; Owner: postgres
--

ALTER TABLE ONLY request ALTER COLUMN id SET DEFAULT nextval('request_id_seq'::regclass);


--
-- TOC entry 3650 (class 2604 OID 31190)
-- Name: response id; Type: DEFAULT; Schema: maintenance; Owner: postgres
--

ALTER TABLE ONLY response ALTER COLUMN id SET DEFAULT nextval('response_id_seq'::regclass);


SET search_path = material, pg_catalog;

--
-- TOC entry 3574 (class 2604 OID 30570)
-- Name: consumable version_num; Type: DEFAULT; Schema: material; Owner: postgres
--

ALTER TABLE ONLY consumable ALTER COLUMN version_num SET DEFAULT 1;


--
-- TOC entry 3575 (class 2604 OID 30571)
-- Name: consumable published_date; Type: DEFAULT; Schema: material; Owner: postgres
--

ALTER TABLE ONLY consumable ALTER COLUMN published_date SET DEFAULT now();


--
-- TOC entry 3610 (class 2604 OID 30800)
-- Name: primal version_num; Type: DEFAULT; Schema: material; Owner: postgres
--

ALTER TABLE ONLY primal ALTER COLUMN version_num SET DEFAULT 1;


--
-- TOC entry 3611 (class 2604 OID 30801)
-- Name: primal published_date; Type: DEFAULT; Schema: material; Owner: postgres
--

ALTER TABLE ONLY primal ALTER COLUMN published_date SET DEFAULT now();


--
-- TOC entry 3577 (class 2604 OID 30572)
-- Name: producible version_num; Type: DEFAULT; Schema: material; Owner: postgres
--

ALTER TABLE ONLY producible ALTER COLUMN version_num SET DEFAULT 1;


--
-- TOC entry 3578 (class 2604 OID 30573)
-- Name: producible published_date; Type: DEFAULT; Schema: material; Owner: postgres
--

ALTER TABLE ONLY producible ALTER COLUMN published_date SET DEFAULT now();


SET search_path = mbom, pg_catalog;

--
-- TOC entry 3617 (class 2604 OID 33604)
-- Name: consumable qty_uom; Type: DEFAULT; Schema: mbom; Owner: postgres
--

ALTER TABLE ONLY consumable ALTER COLUMN qty_uom SET DEFAULT 'pcs'::character varying;


--
-- TOC entry 3614 (class 2604 OID 30818)
-- Name: definition id; Type: DEFAULT; Schema: mbom; Owner: postgres
--

ALTER TABLE ONLY definition ALTER COLUMN id SET DEFAULT nextval('definition_id_seq'::regclass);


--
-- TOC entry 3662 (class 2604 OID 33654)
-- Name: information id; Type: DEFAULT; Schema: mbom; Owner: postgres
--

ALTER TABLE ONLY information ALTER COLUMN id SET DEFAULT nextval('information_id_seq'::regclass);


--
-- TOC entry 3619 (class 2604 OID 33605)
-- Name: primal qty_uom; Type: DEFAULT; Schema: mbom; Owner: postgres
--

ALTER TABLE ONLY primal ALTER COLUMN qty_uom SET DEFAULT 'pcs'::character varying;


SET search_path = movement, pg_catalog;

--
-- TOC entry 3580 (class 2604 OID 30574)
-- Name: segment id; Type: DEFAULT; Schema: movement; Owner: postgres
--

ALTER TABLE ONLY segment ALTER COLUMN id SET DEFAULT nextval('process.segment_id_seq'::regclass);


SET search_path = operation, pg_catalog;

--
-- TOC entry 3639 (class 2604 OID 31070)
-- Name: consumable consumed_qty; Type: DEFAULT; Schema: operation; Owner: postgres
--

ALTER TABLE ONLY consumable ALTER COLUMN consumed_qty SET DEFAULT 1;


--
-- TOC entry 3640 (class 2604 OID 31071)
-- Name: consumable consumed_uom; Type: DEFAULT; Schema: operation; Owner: postgres
--

ALTER TABLE ONLY consumable ALTER COLUMN consumed_uom SET DEFAULT 'pcs'::character varying;


--
-- TOC entry 3641 (class 2604 OID 31072)
-- Name: consumable rationing_qty; Type: DEFAULT; Schema: operation; Owner: postgres
--

ALTER TABLE ONLY consumable ALTER COLUMN rationing_qty SET DEFAULT 1;


--
-- TOC entry 3642 (class 2604 OID 31073)
-- Name: consumable rationing_uom; Type: DEFAULT; Schema: operation; Owner: postgres
--

ALTER TABLE ONLY consumable ALTER COLUMN rationing_uom SET DEFAULT 'pcs'::character varying;


--
-- TOC entry 3643 (class 2604 OID 31074)
-- Name: consumable serial_num; Type: DEFAULT; Schema: operation; Owner: postgres
--

ALTER TABLE ONLY consumable ALTER COLUMN serial_num SET DEFAULT 1;


--
-- TOC entry 3584 (class 2604 OID 30575)
-- Name: definition id; Type: DEFAULT; Schema: operation; Owner: postgres
--

ALTER TABLE ONLY definition ALTER COLUMN id SET DEFAULT nextval('definition_id_seq'::regclass);


--
-- TOC entry 3664 (class 2604 OID 33677)
-- Name: information id; Type: DEFAULT; Schema: operation; Owner: postgres
--

ALTER TABLE ONLY information ALTER COLUMN id SET DEFAULT nextval('information_id_seq'::regclass);


--
-- TOC entry 3634 (class 2604 OID 31047)
-- Name: primal consumed_qty; Type: DEFAULT; Schema: operation; Owner: postgres
--

ALTER TABLE ONLY primal ALTER COLUMN consumed_qty SET DEFAULT 1;


--
-- TOC entry 3635 (class 2604 OID 31048)
-- Name: primal consumed_uom; Type: DEFAULT; Schema: operation; Owner: postgres
--

ALTER TABLE ONLY primal ALTER COLUMN consumed_uom SET DEFAULT 'pcs'::character varying;


--
-- TOC entry 3636 (class 2604 OID 31049)
-- Name: primal rationing_qty; Type: DEFAULT; Schema: operation; Owner: postgres
--

ALTER TABLE ONLY primal ALTER COLUMN rationing_qty SET DEFAULT 1;


--
-- TOC entry 3637 (class 2604 OID 31050)
-- Name: primal rationing_uom; Type: DEFAULT; Schema: operation; Owner: postgres
--

ALTER TABLE ONLY primal ALTER COLUMN rationing_uom SET DEFAULT 'pcs'::character varying;


--
-- TOC entry 3638 (class 2604 OID 31051)
-- Name: primal serial_num; Type: DEFAULT; Schema: operation; Owner: postgres
--

ALTER TABLE ONLY primal ALTER COLUMN serial_num SET DEFAULT 1;


--
-- TOC entry 3600 (class 2604 OID 30576)
-- Name: segment id; Type: DEFAULT; Schema: operation; Owner: postgres
--

ALTER TABLE ONLY segment ALTER COLUMN id SET DEFAULT nextval('segment_id_seq'::regclass);


SET search_path = performance, pg_catalog;

--
-- TOC entry 3656 (class 2604 OID 32294)
-- Name: information id; Type: DEFAULT; Schema: performance; Owner: postgres
--

ALTER TABLE ONLY information ALTER COLUMN id SET DEFAULT nextval('information_id_seq'::regclass);


SET search_path = personnel, pg_catalog;

--
-- TOC entry 3628 (class 2604 OID 30993)
-- Name: information id; Type: DEFAULT; Schema: personnel; Owner: postgres
--

ALTER TABLE ONLY information ALTER COLUMN id SET DEFAULT nextval('information_id_seq'::regclass);


SET search_path = process, pg_catalog;

--
-- TOC entry 3602 (class 2604 OID 30577)
-- Name: definition id; Type: DEFAULT; Schema: process; Owner: postgres
--

ALTER TABLE ONLY definition ALTER COLUMN id SET DEFAULT nextval('definition_id_seq'::regclass);


--
-- TOC entry 3603 (class 2604 OID 30578)
-- Name: information id; Type: DEFAULT; Schema: process; Owner: postgres
--

ALTER TABLE ONLY information ALTER COLUMN id SET DEFAULT nextval('information_id_seq'::regclass);


--
-- TOC entry 3557 (class 2604 OID 30579)
-- Name: segment id; Type: DEFAULT; Schema: process; Owner: postgres
--

ALTER TABLE ONLY segment ALTER COLUMN id SET DEFAULT nextval('segment_id_seq'::regclass);


SET search_path = product, pg_catalog;

--
-- TOC entry 3644 (class 2604 OID 31103)
-- Name: information id; Type: DEFAULT; Schema: product; Owner: postgres
--

ALTER TABLE ONLY information ALTER COLUMN id SET DEFAULT nextval('information_id_seq'::regclass);


--
-- TOC entry 3646 (class 2604 OID 31128)
-- Name: segment id; Type: DEFAULT; Schema: product; Owner: postgres
--

ALTER TABLE ONLY segment ALTER COLUMN id SET DEFAULT nextval('segment_id_seq'::regclass);


SET search_path = production, pg_catalog;

--
-- TOC entry 3606 (class 2604 OID 30580)
-- Name: segment id; Type: DEFAULT; Schema: production; Owner: postgres
--

ALTER TABLE ONLY segment ALTER COLUMN id SET DEFAULT nextval('process.segment_id_seq'::regclass);


--
-- TOC entry 3608 (class 2604 OID 30581)
-- Name: specification qty; Type: DEFAULT; Schema: production; Owner: postgres
--

ALTER TABLE ONLY specification ALTER COLUMN qty SET DEFAULT 1;


SET search_path = request, pg_catalog;

--
-- TOC entry 3652 (class 2604 OID 32250)
-- Name: information id; Type: DEFAULT; Schema: request; Owner: postgres
--

ALTER TABLE ONLY information ALTER COLUMN id SET DEFAULT nextval('information_id_seq'::regclass);


SET search_path = response, pg_catalog;

--
-- TOC entry 3653 (class 2604 OID 32261)
-- Name: information id; Type: DEFAULT; Schema: response; Owner: postgres
--

ALTER TABLE ONLY information ALTER COLUMN id SET DEFAULT nextval('information_id_seq'::regclass);


SET search_path = schedule, pg_catalog;

--
-- TOC entry 3654 (class 2604 OID 32272)
-- Name: information id; Type: DEFAULT; Schema: schedule; Owner: postgres
--

ALTER TABLE ONLY information ALTER COLUMN id SET DEFAULT nextval('information_id_seq'::regclass);


SET search_path = tooling, pg_catalog;

--
-- TOC entry 3655 (class 2604 OID 32283)
-- Name: information id; Type: DEFAULT; Schema: tooling; Owner: postgres
--

ALTER TABLE ONLY information ALTER COLUMN id SET DEFAULT nextval('information_id_seq'::regclass);


SET search_path = component, pg_catalog;

--
-- TOC entry 3978 (class 0 OID 30239)
-- Dependencies: 217
-- Data for Name: assembly; Type: TABLE DATA; Schema: component; Owner: postgres
--

INSERT INTO assembly VALUES ('11.31.050-001', 1, '1131-5040', '2017-10-21', 'ASSEMBLY');
INSERT INTO assembly VALUES ('11.32.050-001', 1, '1132-5040', '2017-10-21', 'ASSEMBLY');
INSERT INTO assembly VALUES ('11.33.050-001', 1, '1133-5040', '2017-10-21', 'ASSEMBLY');
INSERT INTO assembly VALUES ('80.31.050-001', 1, '-089,0109,0', '2017-10-21', 'ASSEMBLY');
INSERT INTO assembly VALUES ('82.31.050-001', 1, '-25020', '2017-10-21', 'ASSEMBLY');


--
-- TOC entry 3979 (class 0 OID 30248)
-- Dependencies: 218
-- Data for Name: buyable; Type: TABLE DATA; Schema: component; Owner: postgres
--

INSERT INTO buyable VALUES (' 12', 1, '-12', '2017-10-21', 'BUYABLE');


--
-- TOC entry 3977 (class 0 OID 30231)
-- Dependencies: 216
-- Data for Name: information; Type: TABLE DATA; Schema: component; Owner: postgres
--



--
-- TOC entry 3980 (class 0 OID 30258)
-- Dependencies: 219
-- Data for Name: part; Type: TABLE DATA; Schema: component; Owner: postgres
--

INSERT INTO part VALUES ('22.16.050-001', 1, '33-5040', '2017-10-21', 'PART');
INSERT INTO part VALUES ('22.25.050-001', 1, '32-5040', '2017-10-21', 'PART');
INSERT INTO part VALUES ('40.31.050-001', 1, '-057,0126,0', '2017-10-21', 'PART');
INSERT INTO part VALUES ('40.32.050-001', 1, '-057,0074,0', '2017-10-21', 'PART');
INSERT INTO part VALUES ('40.33.050-001', 1, '-057,0054,0', '2017-10-21', 'PART');
INSERT INTO part VALUES ('41.31.050-001', 1, '-089,0109,0', '2017-10-21', 'PART');
INSERT INTO part VALUES ('42.01.050-001', 1, '-022,0044,0', '2017-10-21', 'PART');
INSERT INTO part VALUES ('50.01.050-001', 1, '-050,0039,0', '2017-10-21', 'PART');
INSERT INTO part VALUES ('60.01.050-001', 1, '-068,0052,5', '2017-10-21', 'PART');
INSERT INTO part VALUES ('51.01.050-001', 1, '-050,6042,0', '2017-10-21', 'PART');
INSERT INTO part VALUES ('61.01.050-001', 1, '-013,3075,0', '2017-10-21', 'PART');
INSERT INTO part VALUES ('52.01.050-001', 1, '-051,0042,6', '2017-10-21', 'PART');
INSERT INTO part VALUES ('70.01.050-001', 1, '4-051,5041,711,0', '2017-10-21', 'PART');
INSERT INTO part VALUES ('71.02.050-001', 1, '--50', '2017-10-21', 'PART');
INSERT INTO part VALUES ('71.03.050-001', 1, '--50', '2017-10-21', 'PART');
INSERT INTO part VALUES ('55.31.050-001', 1, '-25020', '2017-10-21', 'PART');
INSERT INTO part VALUES ('53.01.004-001', 1, '-4', '2017-10-21', 'PART');
INSERT INTO part VALUES ('70.04.020-001', 1, '-20', '2017-10-21', 'PART');
INSERT INTO part VALUES ('72.01.009-001', 1, '-009', '2017-10-21', 'PART');
INSERT INTO part VALUES ('42.02.022-001', 1, '--5018', '2017-10-21', 'PART');


SET search_path = ebom, pg_catalog;

--
-- TOC entry 3982 (class 0 OID 30273)
-- Dependencies: 221
-- Data for Name: assembly; Type: TABLE DATA; Schema: ebom; Owner: postgres
--

INSERT INTO assembly VALUES (1, '80.31.050-001', 1, 1.0000, 'ASSEMBLY');
INSERT INTO assembly VALUES (1, '82.31.050-001', 1, 1.0000, 'ASSEMBLY');
INSERT INTO assembly VALUES (2, '80.31.050-001', 1, 1.0000, 'ASSEMBLY');
INSERT INTO assembly VALUES (2, '82.31.050-001', 1, 1.0000, 'ASSEMBLY');
INSERT INTO assembly VALUES (3, '80.31.050-001', 1, 1.0000, 'ASSEMBLY');
INSERT INTO assembly VALUES (3, '82.31.050-001', 1, 1.0000, 'ASSEMBLY');


--
-- TOC entry 3983 (class 0 OID 30279)
-- Dependencies: 222
-- Data for Name: buyable; Type: TABLE DATA; Schema: ebom; Owner: postgres
--

INSERT INTO buyable VALUES (1, ' 12', 1, 1.0000, 'BUYABLE');
INSERT INTO buyable VALUES (2, ' 12', 1, 1.0000, 'BUYABLE');
INSERT INTO buyable VALUES (3, ' 12', 1, 1.0000, 'BUYABLE');


--
-- TOC entry 3981 (class 0 OID 30267)
-- Dependencies: 220
-- Data for Name: component; Type: TABLE DATA; Schema: ebom; Owner: postgres
--



--
-- TOC entry 3984 (class 0 OID 30285)
-- Dependencies: 223
-- Data for Name: definition; Type: TABLE DATA; Schema: ebom; Owner: postgres
--

INSERT INTO definition VALUES (1, '1131-5040: definition', '2017-10-21', NULL, NULL, 'PROPOSED', '2017-10-21 20:55:30.985148+03', 1);
INSERT INTO definition VALUES (2, '1132-5040: definition', '2017-10-21', NULL, NULL, 'PROPOSED', '2017-10-21 20:55:30.985148+03', 2);
INSERT INTO definition VALUES (3, '1133-5040: definition', '2017-10-21', NULL, NULL, 'PROPOSED', '2017-10-21 20:55:30.985148+03', 3);
INSERT INTO definition VALUES (4, '-089,0109,0: definition', '2017-10-21', NULL, NULL, 'PROPOSED', '2017-10-21 20:55:30.985148+03', 4);
INSERT INTO definition VALUES (5, '-25020: definition', '2017-10-21', NULL, NULL, 'PROPOSED', '2017-10-21 20:55:30.985148+03', 5);


--
-- TOC entry 4149 (class 0 OID 0)
-- Dependencies: 224
-- Name: definition_id_seq; Type: SEQUENCE SET; Schema: ebom; Owner: postgres
--

SELECT pg_catalog.setval('definition_id_seq', 5, true);


--
-- TOC entry 4068 (class 0 OID 33629)
-- Dependencies: 320
-- Data for Name: information; Type: TABLE DATA; Schema: ebom; Owner: postgres
--

INSERT INTO information VALUES (1, '11.31.050-001', 1, '1131-5040: information', '2017-10-23');
INSERT INTO information VALUES (2, '11.32.050-001', 1, '1132-5040: information', '2017-10-23');
INSERT INTO information VALUES (3, '11.33.050-001', 1, '1133-5040: information', '2017-10-23');
INSERT INTO information VALUES (4, '80.31.050-001', 1, '-089,0109,0: information', '2017-10-23');
INSERT INTO information VALUES (5, '82.31.050-001', 1, '-25020: information', '2017-10-23');


--
-- TOC entry 4150 (class 0 OID 0)
-- Dependencies: 319
-- Name: information_id_seq; Type: SEQUENCE SET; Schema: ebom; Owner: postgres
--

SELECT pg_catalog.setval('information_id_seq', 5, true);


--
-- TOC entry 3986 (class 0 OID 30293)
-- Dependencies: 225
-- Data for Name: part; Type: TABLE DATA; Schema: ebom; Owner: postgres
--

INSERT INTO part VALUES (1, '40.31.050-001', 1, 2.0000, 'PART');
INSERT INTO part VALUES (1, '50.01.050-001', 1, 2.0000, 'PART');
INSERT INTO part VALUES (1, '51.01.050-001', 1, 2.0000, 'PART');
INSERT INTO part VALUES (1, '52.01.050-001', 1, 2.0000, 'PART');
INSERT INTO part VALUES (1, '53.01.004-001', 1, 1.0000, 'PART');
INSERT INTO part VALUES (1, '60.01.050-001', 1, 1.0000, 'PART');
INSERT INTO part VALUES (1, '61.01.050-001', 1, 1.0000, 'PART');
INSERT INTO part VALUES (1, '70.01.050-001', 1, 2.0000, 'PART');
INSERT INTO part VALUES (1, '70.04.020-001', 1, 1.0000, 'PART');
INSERT INTO part VALUES (1, '72.01.009-001', 1, 2.0000, 'PART');
INSERT INTO part VALUES (2, '22.25.050-001', 1, 2.0000, 'PART');
INSERT INTO part VALUES (2, '40.32.050-001', 1, 2.0000, 'PART');
INSERT INTO part VALUES (2, '50.01.050-001', 1, 2.0000, 'PART');
INSERT INTO part VALUES (2, '51.01.050-001', 1, 2.0000, 'PART');
INSERT INTO part VALUES (2, '52.01.050-001', 1, 2.0000, 'PART');
INSERT INTO part VALUES (2, '53.01.004-001', 1, 1.0000, 'PART');
INSERT INTO part VALUES (2, '60.01.050-001', 1, 1.0000, 'PART');
INSERT INTO part VALUES (2, '61.01.050-001', 1, 1.0000, 'PART');
INSERT INTO part VALUES (2, '70.01.050-001', 1, 2.0000, 'PART');
INSERT INTO part VALUES (2, '70.04.020-001', 1, 1.0000, 'PART');
INSERT INTO part VALUES (2, '72.01.009-001', 1, 2.0000, 'PART');
INSERT INTO part VALUES (3, '22.16.050-001', 1, 2.0000, 'PART');
INSERT INTO part VALUES (3, '40.33.050-001', 1, 2.0000, 'PART');
INSERT INTO part VALUES (3, '50.01.050-001', 1, 2.0000, 'PART');
INSERT INTO part VALUES (3, '51.01.050-001', 1, 2.0000, 'PART');
INSERT INTO part VALUES (3, '52.01.050-001', 1, 2.0000, 'PART');
INSERT INTO part VALUES (3, '53.01.004-001', 1, 1.0000, 'PART');
INSERT INTO part VALUES (3, '60.01.050-001', 1, 1.0000, 'PART');
INSERT INTO part VALUES (3, '61.01.050-001', 1, 1.0000, 'PART');
INSERT INTO part VALUES (3, '70.01.050-001', 1, 2.0000, 'PART');
INSERT INTO part VALUES (3, '70.04.020-001', 1, 1.0000, 'PART');
INSERT INTO part VALUES (3, '72.01.009-001', 1, 2.0000, 'PART');
INSERT INTO part VALUES (4, '41.31.050-001', 1, 1.0000, 'PART');
INSERT INTO part VALUES (4, '42.01.050-001', 1, 1.0000, 'PART');
INSERT INTO part VALUES (5, '55.31.050-001', 1, 1.0000, 'PART');
INSERT INTO part VALUES (5, '42.02.022-001', 1, 1.0000, 'PART');


SET search_path = equipment, pg_catalog;

--
-- TOC entry 4034 (class 0 OID 30978)
-- Dependencies: 273
-- Data for Name: information; Type: TABLE DATA; Schema: equipment; Owner: postgres
--



--
-- TOC entry 4151 (class 0 OID 0)
-- Dependencies: 272
-- Name: information_id_seq; Type: SEQUENCE SET; Schema: equipment; Owner: postgres
--

SELECT pg_catalog.setval('information_id_seq', 1, false);


SET search_path = goal, pg_catalog;

--
-- TOC entry 4066 (class 0 OID 32302)
-- Dependencies: 305
-- Data for Name: information; Type: TABLE DATA; Schema: goal; Owner: postgres
--



--
-- TOC entry 4152 (class 0 OID 0)
-- Dependencies: 304
-- Name: information_id_seq; Type: SEQUENCE SET; Schema: goal; Owner: postgres
--

SELECT pg_catalog.setval('information_id_seq', 1, false);


SET search_path = inspection, pg_catalog;

--
-- TOC entry 3988 (class 0 OID 30305)
-- Dependencies: 227
-- Data for Name: equipment; Type: TABLE DATA; Schema: inspection; Owner: postgres
--



--
-- TOC entry 3990 (class 0 OID 30317)
-- Dependencies: 229
-- Data for Name: personnel; Type: TABLE DATA; Schema: inspection; Owner: postgres
--



--
-- TOC entry 3992 (class 0 OID 30329)
-- Dependencies: 231
-- Data for Name: segment; Type: TABLE DATA; Schema: inspection; Owner: postgres
--



SET search_path = inventory, pg_catalog;

--
-- TOC entry 4031 (class 0 OID 30934)
-- Dependencies: 270
-- Data for Name: assembly; Type: TABLE DATA; Schema: inventory; Owner: postgres
--



--
-- TOC entry 3994 (class 0 OID 30343)
-- Dependencies: 233
-- Data for Name: buyable; Type: TABLE DATA; Schema: inventory; Owner: postgres
--



--
-- TOC entry 3995 (class 0 OID 30357)
-- Dependencies: 234
-- Data for Name: consumable; Type: TABLE DATA; Schema: inventory; Owner: postgres
--



--
-- TOC entry 3993 (class 0 OID 30336)
-- Dependencies: 232
-- Data for Name: information; Type: TABLE DATA; Schema: inventory; Owner: postgres
--



--
-- TOC entry 4153 (class 0 OID 0)
-- Dependencies: 235
-- Name: information_id_seq; Type: SEQUENCE SET; Schema: inventory; Owner: postgres
--

SELECT pg_catalog.setval('information_id_seq', 1, false);


--
-- TOC entry 4032 (class 0 OID 30944)
-- Dependencies: 271
-- Data for Name: part; Type: TABLE DATA; Schema: inventory; Owner: postgres
--



--
-- TOC entry 4030 (class 0 OID 30924)
-- Dependencies: 269
-- Data for Name: primal; Type: TABLE DATA; Schema: inventory; Owner: postgres
--



--
-- TOC entry 3997 (class 0 OID 30366)
-- Dependencies: 236
-- Data for Name: producible; Type: TABLE DATA; Schema: inventory; Owner: postgres
--



--
-- TOC entry 3998 (class 0 OID 30373)
-- Dependencies: 237
-- Data for Name: salable; Type: TABLE DATA; Schema: inventory; Owner: postgres
--



--
-- TOC entry 3999 (class 0 OID 30380)
-- Dependencies: 238
-- Data for Name: storable; Type: TABLE DATA; Schema: inventory; Owner: postgres
--



SET search_path = maintenance, pg_catalog;

--
-- TOC entry 4054 (class 0 OID 31195)
-- Dependencies: 293
-- Data for Name: demand; Type: TABLE DATA; Schema: maintenance; Owner: postgres
--



--
-- TOC entry 4154 (class 0 OID 0)
-- Dependencies: 292
-- Name: demand_id_seq; Type: SEQUENCE SET; Schema: maintenance; Owner: postgres
--

SELECT pg_catalog.setval('demand_id_seq', 1, false);


--
-- TOC entry 4050 (class 0 OID 31179)
-- Dependencies: 289
-- Data for Name: request; Type: TABLE DATA; Schema: maintenance; Owner: postgres
--



--
-- TOC entry 4155 (class 0 OID 0)
-- Dependencies: 288
-- Name: request_id_seq; Type: SEQUENCE SET; Schema: maintenance; Owner: postgres
--

SELECT pg_catalog.setval('request_id_seq', 1, false);


--
-- TOC entry 4052 (class 0 OID 31187)
-- Dependencies: 291
-- Data for Name: response; Type: TABLE DATA; Schema: maintenance; Owner: postgres
--



--
-- TOC entry 4156 (class 0 OID 0)
-- Dependencies: 290
-- Name: response_id_seq; Type: SEQUENCE SET; Schema: maintenance; Owner: postgres
--

SELECT pg_catalog.setval('response_id_seq', 1, false);


SET search_path = material, pg_catalog;

--
-- TOC entry 4001 (class 0 OID 30395)
-- Dependencies: 240
-- Data for Name: consumable; Type: TABLE DATA; Schema: material; Owner: postgres
--

INSERT INTO consumable VALUES ('22.16.050-001', 1, '33-5040', '2017-10-22', 'CONSUMABLE');
INSERT INTO consumable VALUES ('22.25.050-001', 1, '32-5040', '2017-10-22', 'CONSUMABLE');
INSERT INTO consumable VALUES ('40.31.050-001', 1, '-057,0126,0', '2017-10-22', 'CONSUMABLE');
INSERT INTO consumable VALUES ('40.32.050-001', 1, '-057,0074,0', '2017-10-22', 'CONSUMABLE');
INSERT INTO consumable VALUES ('40.33.050-001', 1, '-057,0054,0', '2017-10-22', 'CONSUMABLE');
INSERT INTO consumable VALUES ('41.31.050-001', 1, '-089,0109,0', '2017-10-22', 'CONSUMABLE');
INSERT INTO consumable VALUES ('42.01.050-001', 1, '-022,0044,0', '2017-10-22', 'CONSUMABLE');
INSERT INTO consumable VALUES ('50.01.050-001', 1, '-050,0039,0', '2017-10-22', 'CONSUMABLE');
INSERT INTO consumable VALUES ('60.01.050-001', 1, '-068,0052,5', '2017-10-22', 'CONSUMABLE');
INSERT INTO consumable VALUES ('51.01.050-001', 1, '-050,6042,0', '2017-10-22', 'CONSUMABLE');
INSERT INTO consumable VALUES ('61.01.050-001', 1, '-013,3075,0', '2017-10-22', 'CONSUMABLE');
INSERT INTO consumable VALUES ('52.01.050-001', 1, '-051,0042,6', '2017-10-22', 'CONSUMABLE');
INSERT INTO consumable VALUES ('70.01.050-001', 1, '4-051,5041,711,0', '2017-10-22', 'CONSUMABLE');
INSERT INTO consumable VALUES ('71.02.050-001', 1, '--50', '2017-10-22', 'CONSUMABLE');
INSERT INTO consumable VALUES ('71.03.050-001', 1, '--50', '2017-10-22', 'CONSUMABLE');
INSERT INTO consumable VALUES ('55.31.050-001', 1, '-25020', '2017-10-22', 'CONSUMABLE');
INSERT INTO consumable VALUES ('53.01.004-001', 1, '-4', '2017-10-22', 'CONSUMABLE');
INSERT INTO consumable VALUES ('70.04.020-001', 1, '-20', '2017-10-22', 'CONSUMABLE');
INSERT INTO consumable VALUES ('72.01.009-001', 1, '-009', '2017-10-22', 'CONSUMABLE');
INSERT INTO consumable VALUES ('42.02.022-001', 1, '--5018', '2017-10-22', 'CONSUMABLE');
INSERT INTO consumable VALUES ('80.31.050-001', 1, '-089,0109,0', '2017-10-22', 'CONSUMABLE');
INSERT INTO consumable VALUES ('82.31.050-001', 1, '-25020', '2017-10-22', 'CONSUMABLE');
INSERT INTO consumable VALUES ('53.01.004-001.010', 1, '-004,0012,0', '2017-10-22', 'CONSUMABLE');
INSERT INTO consumable VALUES ('40.31.050-001.010', 1, '-057,0126,0', '2017-10-22', 'CONSUMABLE');
INSERT INTO consumable VALUES ('82.31.050-001.010', 1, '-25020', '2017-10-22', 'CONSUMABLE');
INSERT INTO consumable VALUES ('40.32.050-001.010', 1, '-057,0074,0', '2017-10-22', 'CONSUMABLE');
INSERT INTO consumable VALUES ('80.31.050-001.010', 1, '-089,0109,0', '2017-10-22', 'CONSUMABLE');
INSERT INTO consumable VALUES ('60.01.050-001.020', 1, '-068,0052,5', '2017-10-22', 'CONSUMABLE');
INSERT INTO consumable VALUES ('22.25.050-001.030', 1, '32-5040', '2017-10-22', 'CONSUMABLE');
INSERT INTO consumable VALUES ('40.33.050-001.010', 1, '-057,0054,0', '2017-10-22', 'CONSUMABLE');
INSERT INTO consumable VALUES ('51.01.050-001.010', 1, '-050,6042,0', '2017-10-22', 'CONSUMABLE');
INSERT INTO consumable VALUES ('60.01.050-001.010', 1, '-068,0052,5', '2017-10-22', 'CONSUMABLE');
INSERT INTO consumable VALUES ('60.01.050-001.030', 1, '-068,0052,5', '2017-10-22', 'CONSUMABLE');
INSERT INTO consumable VALUES ('41.31.050-001.010', 1, '-089,0109,0', '2017-10-22', 'CONSUMABLE');
INSERT INTO consumable VALUES ('41.31.050-001.020', 1, '-089,0109,0', '2017-10-22', 'CONSUMABLE');
INSERT INTO consumable VALUES ('60.01.050-001.011', 1, '-068,0052,5', '2017-10-22', 'CONSUMABLE');
INSERT INTO consumable VALUES ('22.16.050-001.030', 1, '33-5040', '2017-10-22', 'CONSUMABLE');
INSERT INTO consumable VALUES (' 12', 1, ' 12', '2017-10-24', 'CONSUMABLE');


--
-- TOC entry 4000 (class 0 OID 30387)
-- Dependencies: 239
-- Data for Name: information; Type: TABLE DATA; Schema: material; Owner: postgres
--



--
-- TOC entry 4024 (class 0 OID 30797)
-- Dependencies: 263
-- Data for Name: primal; Type: TABLE DATA; Schema: material; Owner: postgres
--

INSERT INTO primal VALUES ('-080080-3', 1, '-3-080080', '2017-10-22', 'PRIMAL');
INSERT INTO primal VALUES ('-004,0-45', 1, '-45-004,0', '2017-10-22', 'PRIMAL');
INSERT INTO primal VALUES ('-016-2013', 1, '-2013-016', '2017-10-22', 'PRIMAL');
INSERT INTO primal VALUES ('-022-20', 1, '-20-022', '2017-10-22', 'PRIMAL');
INSERT INTO primal VALUES ('-000,8-0817', 1, '-0817-000,8', '2017-10-22', 'PRIMAL');
INSERT INTO primal VALUES ('-001,0-0817', 1, '-0817-001,0', '2017-10-22', 'PRIMAL');
INSERT INTO primal VALUES ('-001,2-65', 1, '-65-001,2', '2017-10-22', 'PRIMAL');
INSERT INTO primal VALUES ('-003,0-3', 1, '-3-003,0', '2017-10-22', 'PRIMAL');
INSERT INTO primal VALUES ('-004,4-0817', 1, '-0817-004,4', '2017-10-22', 'PRIMAL');
INSERT INTO primal VALUES (' 15803-020', 1, ' 15803-020', '2017-10-22', 'PRIMAL');
INSERT INTO primal VALUES ('-0204-3', 1, '-3-0204', '2017-10-22', 'PRIMAL');
INSERT INTO primal VALUES ('-057,003,5-20-', 1, '-20-057,003,5-', '2017-10-22', 'PRIMAL');
INSERT INTO primal VALUES ('-068,003,5-2013', 1, '-2013-068,003,5', '2017-10-22', 'PRIMAL');
INSERT INTO primal VALUES ('-068,004,0-2013', 1, '-2013-068,004,0', '2017-10-22', 'PRIMAL');
INSERT INTO primal VALUES ('-089,003,0-20-', 1, '-20-089,003,0-', '2017-10-22', 'PRIMAL');
INSERT INTO primal VALUES ('-089,003,5-20-', 1, '-20-089,003,5-', '2017-10-22', 'PRIMAL');
INSERT INTO primal VALUES ('-4', 1, '-4', '2017-10-22', 'PRIMAL');


--
-- TOC entry 4002 (class 0 OID 30405)
-- Dependencies: 241
-- Data for Name: producible; Type: TABLE DATA; Schema: material; Owner: postgres
--

INSERT INTO producible VALUES ('22.16.050-001', 1, '33-5040', '2017-10-22', 'PRODUCIBLE');
INSERT INTO producible VALUES ('22.25.050-001', 1, '32-5040', '2017-10-22', 'PRODUCIBLE');
INSERT INTO producible VALUES ('40.31.050-001', 1, '-057,0126,0', '2017-10-22', 'PRODUCIBLE');
INSERT INTO producible VALUES ('40.32.050-001', 1, '-057,0074,0', '2017-10-22', 'PRODUCIBLE');
INSERT INTO producible VALUES ('40.33.050-001', 1, '-057,0054,0', '2017-10-22', 'PRODUCIBLE');
INSERT INTO producible VALUES ('41.31.050-001', 1, '-089,0109,0', '2017-10-22', 'PRODUCIBLE');
INSERT INTO producible VALUES ('42.01.050-001', 1, '-022,0044,0', '2017-10-22', 'PRODUCIBLE');
INSERT INTO producible VALUES ('50.01.050-001', 1, '-050,0039,0', '2017-10-22', 'PRODUCIBLE');
INSERT INTO producible VALUES ('60.01.050-001', 1, '-068,0052,5', '2017-10-22', 'PRODUCIBLE');
INSERT INTO producible VALUES ('51.01.050-001', 1, '-050,6042,0', '2017-10-22', 'PRODUCIBLE');
INSERT INTO producible VALUES ('61.01.050-001', 1, '-013,3075,0', '2017-10-22', 'PRODUCIBLE');
INSERT INTO producible VALUES ('52.01.050-001', 1, '-051,0042,6', '2017-10-22', 'PRODUCIBLE');
INSERT INTO producible VALUES ('70.01.050-001', 1, '4-051,5041,711,0', '2017-10-22', 'PRODUCIBLE');
INSERT INTO producible VALUES ('71.02.050-001', 1, '--50', '2017-10-22', 'PRODUCIBLE');
INSERT INTO producible VALUES ('71.03.050-001', 1, '--50', '2017-10-22', 'PRODUCIBLE');
INSERT INTO producible VALUES ('55.31.050-001', 1, '-25020', '2017-10-22', 'PRODUCIBLE');
INSERT INTO producible VALUES ('53.01.004-001', 1, '-4', '2017-10-22', 'PRODUCIBLE');
INSERT INTO producible VALUES ('70.04.020-001', 1, '-20', '2017-10-22', 'PRODUCIBLE');
INSERT INTO producible VALUES ('72.01.009-001', 1, '-009', '2017-10-22', 'PRODUCIBLE');
INSERT INTO producible VALUES ('42.02.022-001', 1, '--5018', '2017-10-22', 'PRODUCIBLE');
INSERT INTO producible VALUES ('11.31.050-001', 1, '1131-5040', '2017-10-22', 'PRODUCIBLE');
INSERT INTO producible VALUES ('11.32.050-001', 1, '1132-5040', '2017-10-22', 'PRODUCIBLE');
INSERT INTO producible VALUES ('11.33.050-001', 1, '1133-5040', '2017-10-22', 'PRODUCIBLE');
INSERT INTO producible VALUES ('80.31.050-001', 1, '-089,0109,0', '2017-10-22', 'PRODUCIBLE');
INSERT INTO producible VALUES ('82.31.050-001', 1, '-25020', '2017-10-22', 'PRODUCIBLE');
INSERT INTO producible VALUES ('53.01.004-001.010', 1, '-004,0012,0', '2017-10-22', 'PRODUCIBLE');
INSERT INTO producible VALUES ('40.31.050-001.010', 1, '-057,0126,0', '2017-10-22', 'PRODUCIBLE');
INSERT INTO producible VALUES ('82.31.050-001.010', 1, '-25020', '2017-10-22', 'PRODUCIBLE');
INSERT INTO producible VALUES ('40.32.050-001.010', 1, '-057,0074,0', '2017-10-22', 'PRODUCIBLE');
INSERT INTO producible VALUES ('80.31.050-001.010', 1, '-089,0109,0', '2017-10-22', 'PRODUCIBLE');
INSERT INTO producible VALUES ('60.01.050-001.020', 1, '-068,0052,5', '2017-10-22', 'PRODUCIBLE');
INSERT INTO producible VALUES ('22.25.050-001.030', 1, '32-5040', '2017-10-22', 'PRODUCIBLE');
INSERT INTO producible VALUES ('40.33.050-001.010', 1, '-057,0054,0', '2017-10-22', 'PRODUCIBLE');
INSERT INTO producible VALUES ('51.01.050-001.010', 1, '-050,6042,0', '2017-10-22', 'PRODUCIBLE');
INSERT INTO producible VALUES ('60.01.050-001.010', 1, '-068,0052,5', '2017-10-22', 'PRODUCIBLE');
INSERT INTO producible VALUES ('60.01.050-001.030', 1, '-068,0052,5', '2017-10-22', 'PRODUCIBLE');
INSERT INTO producible VALUES ('41.31.050-001.010', 1, '-089,0109,0', '2017-10-22', 'PRODUCIBLE');
INSERT INTO producible VALUES ('41.31.050-001.020', 1, '-089,0109,0', '2017-10-22', 'PRODUCIBLE');
INSERT INTO producible VALUES ('60.01.050-001.011', 1, '-068,0052,5', '2017-10-22', 'PRODUCIBLE');
INSERT INTO producible VALUES ('22.16.050-001.030', 1, '33-5040', '2017-10-22', 'PRODUCIBLE');


SET search_path = mbom, pg_catalog;

--
-- TOC entry 4028 (class 0 OID 30840)
-- Dependencies: 267
-- Data for Name: consumable; Type: TABLE DATA; Schema: mbom; Owner: postgres
--

INSERT INTO consumable VALUES (21, '40.31.050-001', 1, 2.0000, 'CONSUMABLE', 'pcs');
INSERT INTO consumable VALUES (21, '50.01.050-001', 1, 2.0000, 'CONSUMABLE', 'pcs');
INSERT INTO consumable VALUES (21, '51.01.050-001', 1, 2.0000, 'CONSUMABLE', 'pcs');
INSERT INTO consumable VALUES (21, '52.01.050-001', 1, 2.0000, 'CONSUMABLE', 'pcs');
INSERT INTO consumable VALUES (21, '53.01.004-001', 1, 1.0000, 'CONSUMABLE', 'pcs');
INSERT INTO consumable VALUES (21, '60.01.050-001', 1, 1.0000, 'CONSUMABLE', 'pcs');
INSERT INTO consumable VALUES (21, '61.01.050-001', 1, 1.0000, 'CONSUMABLE', 'pcs');
INSERT INTO consumable VALUES (21, '70.01.050-001', 1, 2.0000, 'CONSUMABLE', 'pcs');
INSERT INTO consumable VALUES (21, '70.04.020-001', 1, 1.0000, 'CONSUMABLE', 'pcs');
INSERT INTO consumable VALUES (21, '72.01.009-001', 1, 2.0000, 'CONSUMABLE', 'pcs');
INSERT INTO consumable VALUES (21, '80.31.050-001', 1, 1.0000, 'CONSUMABLE', 'pcs');
INSERT INTO consumable VALUES (21, '82.31.050-001', 1, 1.0000, 'CONSUMABLE', 'pcs');
INSERT INTO consumable VALUES (21, ' 12', 1, 1.0000, 'CONSUMABLE', 'pcs');


--
-- TOC entry 4026 (class 0 OID 30815)
-- Dependencies: 265
-- Data for Name: definition; Type: TABLE DATA; Schema: mbom; Owner: postgres
--

INSERT INTO definition VALUES (42, 2, '-050,0039,0: definition#2', '2017-10-23', 8);
INSERT INTO definition VALUES (8, 1, '-050,0039,0: definition#1', '2017-10-22', 8);
INSERT INTO definition VALUES (43, 2, '-068,0052,5: definition#2', '2017-10-23', 35);
INSERT INTO definition VALUES (44, 2, '-089,0109,0: definition#2', '2017-10-23', 38);
INSERT INTO definition VALUES (1, 1, '33-5040: definition', '2017-10-22', 1);
INSERT INTO definition VALUES (2, 1, '32-5040: definition', '2017-10-22', 2);
INSERT INTO definition VALUES (3, 1, '-057,0126,0: definition', '2017-10-22', 3);
INSERT INTO definition VALUES (4, 1, '-057,0074,0: definition', '2017-10-22', 4);
INSERT INTO definition VALUES (5, 1, '-057,0054,0: definition', '2017-10-22', 5);
INSERT INTO definition VALUES (6, 1, '-089,0109,0: definition', '2017-10-22', 6);
INSERT INTO definition VALUES (7, 1, '-022,0044,0: definition', '2017-10-22', 7);
INSERT INTO definition VALUES (9, 1, '-068,0052,5: definition', '2017-10-22', 9);
INSERT INTO definition VALUES (10, 1, '-050,6042,0: definition', '2017-10-22', 10);
INSERT INTO definition VALUES (11, 1, '-013,3075,0: definition', '2017-10-22', 11);
INSERT INTO definition VALUES (12, 1, '-051,0042,6: definition', '2017-10-22', 12);
INSERT INTO definition VALUES (13, 1, '4-051,5041,711,0: definition', '2017-10-22', 13);
INSERT INTO definition VALUES (14, 1, '--50: definition', '2017-10-22', 14);
INSERT INTO definition VALUES (15, 1, '--50: definition', '2017-10-22', 15);
INSERT INTO definition VALUES (16, 1, '-25020: definition', '2017-10-22', 16);
INSERT INTO definition VALUES (17, 1, '-4: definition', '2017-10-22', 17);
INSERT INTO definition VALUES (18, 1, '-20: definition', '2017-10-22', 18);
INSERT INTO definition VALUES (19, 1, '-009: definition', '2017-10-22', 19);
INSERT INTO definition VALUES (20, 1, '--5018: definition', '2017-10-22', 20);
INSERT INTO definition VALUES (21, 1, '1131-5040: definition', '2017-10-22', 21);
INSERT INTO definition VALUES (22, 1, '1132-5040: definition', '2017-10-22', 22);
INSERT INTO definition VALUES (23, 1, '1133-5040: definition', '2017-10-22', 23);
INSERT INTO definition VALUES (24, 1, '-089,0109,0: definition', '2017-10-22', 24);
INSERT INTO definition VALUES (25, 1, '-25020: definition', '2017-10-22', 25);
INSERT INTO definition VALUES (26, 1, '-004,0012,0: definition', '2017-10-22', 26);
INSERT INTO definition VALUES (27, 1, '-057,0126,0: definition', '2017-10-22', 27);
INSERT INTO definition VALUES (28, 1, '-25020: definition', '2017-10-22', 28);
INSERT INTO definition VALUES (29, 1, '-057,0074,0: definition', '2017-10-22', 29);
INSERT INTO definition VALUES (30, 1, '-089,0109,0: definition', '2017-10-22', 30);
INSERT INTO definition VALUES (31, 1, '-068,0052,5: definition', '2017-10-22', 31);
INSERT INTO definition VALUES (32, 1, '32-5040: definition', '2017-10-22', 32);
INSERT INTO definition VALUES (33, 1, '-057,0054,0: definition', '2017-10-22', 33);
INSERT INTO definition VALUES (34, 1, '-050,6042,0: definition', '2017-10-22', 34);
INSERT INTO definition VALUES (36, 1, '-068,0052,5: definition', '2017-10-22', 36);
INSERT INTO definition VALUES (37, 1, '-089,0109,0: definition', '2017-10-22', 37);
INSERT INTO definition VALUES (39, 1, '-068,0052,5: definition', '2017-10-22', 39);
INSERT INTO definition VALUES (40, 1, '33-5040: definition', '2017-10-22', 40);
INSERT INTO definition VALUES (35, 1, '-068,0052,5: definition#1', '2017-10-22', 35);
INSERT INTO definition VALUES (38, 1, '-089,0109,0: definition#1', '2017-10-22', 38);


--
-- TOC entry 4157 (class 0 OID 0)
-- Dependencies: 264
-- Name: definition_id_seq; Type: SEQUENCE SET; Schema: mbom; Owner: postgres
--

SELECT pg_catalog.setval('definition_id_seq', 44, true);


--
-- TOC entry 4070 (class 0 OID 33651)
-- Dependencies: 322
-- Data for Name: information; Type: TABLE DATA; Schema: mbom; Owner: postgres
--

INSERT INTO information VALUES (1, '22.16.050-001', 1, '33-5040: information', '2017-10-22');
INSERT INTO information VALUES (2, '22.25.050-001', 1, '32-5040: information', '2017-10-22');
INSERT INTO information VALUES (3, '40.31.050-001', 1, '-057,0126,0: information', '2017-10-22');
INSERT INTO information VALUES (4, '40.32.050-001', 1, '-057,0074,0: information', '2017-10-22');
INSERT INTO information VALUES (5, '40.33.050-001', 1, '-057,0054,0: information', '2017-10-22');
INSERT INTO information VALUES (6, '41.31.050-001', 1, '-089,0109,0: information', '2017-10-22');
INSERT INTO information VALUES (7, '42.01.050-001', 1, '-022,0044,0: information', '2017-10-22');
INSERT INTO information VALUES (8, '50.01.050-001', 1, '-050,0039,0: information', '2017-10-22');
INSERT INTO information VALUES (9, '60.01.050-001', 1, '-068,0052,5: information', '2017-10-22');
INSERT INTO information VALUES (10, '51.01.050-001', 1, '-050,6042,0: information', '2017-10-22');
INSERT INTO information VALUES (11, '61.01.050-001', 1, '-013,3075,0: information', '2017-10-22');
INSERT INTO information VALUES (12, '52.01.050-001', 1, '-051,0042,6: information', '2017-10-22');
INSERT INTO information VALUES (13, '70.01.050-001', 1, '4-051,5041,711,0: information', '2017-10-22');
INSERT INTO information VALUES (14, '71.02.050-001', 1, '--50: information', '2017-10-22');
INSERT INTO information VALUES (15, '71.03.050-001', 1, '--50: information', '2017-10-22');
INSERT INTO information VALUES (16, '55.31.050-001', 1, '-25020: information', '2017-10-22');
INSERT INTO information VALUES (17, '53.01.004-001', 1, '-4: information', '2017-10-22');
INSERT INTO information VALUES (18, '70.04.020-001', 1, '-20: information', '2017-10-22');
INSERT INTO information VALUES (19, '72.01.009-001', 1, '-009: information', '2017-10-22');
INSERT INTO information VALUES (20, '42.02.022-001', 1, '--5018: information', '2017-10-22');
INSERT INTO information VALUES (21, '11.31.050-001', 1, '1131-5040: information', '2017-10-22');
INSERT INTO information VALUES (22, '11.32.050-001', 1, '1132-5040: information', '2017-10-22');
INSERT INTO information VALUES (23, '11.33.050-001', 1, '1133-5040: information', '2017-10-22');
INSERT INTO information VALUES (24, '80.31.050-001', 1, '-089,0109,0: information', '2017-10-22');
INSERT INTO information VALUES (25, '82.31.050-001', 1, '-25020: information', '2017-10-22');
INSERT INTO information VALUES (26, '53.01.004-001.010', 1, '-004,0012,0: information', '2017-10-22');
INSERT INTO information VALUES (27, '40.31.050-001.010', 1, '-057,0126,0: information', '2017-10-22');
INSERT INTO information VALUES (28, '82.31.050-001.010', 1, '-25020: information', '2017-10-22');
INSERT INTO information VALUES (29, '40.32.050-001.010', 1, '-057,0074,0: information', '2017-10-22');
INSERT INTO information VALUES (30, '80.31.050-001.010', 1, '-089,0109,0: information', '2017-10-22');
INSERT INTO information VALUES (31, '60.01.050-001.020', 1, '-068,0052,5: information', '2017-10-22');
INSERT INTO information VALUES (32, '22.25.050-001.030', 1, '32-5040: information', '2017-10-22');
INSERT INTO information VALUES (33, '40.33.050-001.010', 1, '-057,0054,0: information', '2017-10-22');
INSERT INTO information VALUES (34, '51.01.050-001.010', 1, '-050,6042,0: information', '2017-10-22');
INSERT INTO information VALUES (35, '60.01.050-001.010', 1, '-068,0052,5: information', '2017-10-22');
INSERT INTO information VALUES (36, '60.01.050-001.030', 1, '-068,0052,5: information', '2017-10-22');
INSERT INTO information VALUES (37, '41.31.050-001.010', 1, '-089,0109,0: information', '2017-10-22');
INSERT INTO information VALUES (38, '41.31.050-001.020', 1, '-089,0109,0: information', '2017-10-22');
INSERT INTO information VALUES (39, '60.01.050-001.011', 1, '-068,0052,5: information', '2017-10-22');
INSERT INTO information VALUES (40, '22.16.050-001.030', 1, '33-5040: information', '2017-10-22');


--
-- TOC entry 4158 (class 0 OID 0)
-- Dependencies: 321
-- Name: information_id_seq; Type: SEQUENCE SET; Schema: mbom; Owner: postgres
--

SELECT pg_catalog.setval('information_id_seq', 1, false);


--
-- TOC entry 4027 (class 0 OID 30829)
-- Dependencies: 266
-- Data for Name: material; Type: TABLE DATA; Schema: mbom; Owner: postgres
--



--
-- TOC entry 4029 (class 0 OID 30900)
-- Dependencies: 268
-- Data for Name: primal; Type: TABLE DATA; Schema: mbom; Owner: postgres
--

INSERT INTO primal VALUES (32, '-080080-3', 1, 3.4000, 'PRIMAL', '');
INSERT INTO primal VALUES (7, '-022-20', 1, 51.0000, 'PRIMAL', '');
INSERT INTO primal VALUES (20, '-022-20', 1, 18.0000, 'PRIMAL', '');
INSERT INTO primal VALUES (11, '-016-2013', 1, 81.0000, 'PRIMAL', '');
INSERT INTO primal VALUES (26, '-004,0-45', 1, 14.0000, 'PRIMAL', '');
INSERT INTO primal VALUES (8, '-000,8-0817', 1, 0.0000, 'PRIMAL', '');
INSERT INTO primal VALUES (12, '-003,0-3', 1, 0.0800, 'PRIMAL', '');
INSERT INTO primal VALUES (39, '-004,4-0817', 1, 0.4000, 'PRIMAL', '');
INSERT INTO primal VALUES (42, '-001,0-0817', 1, 0.0300, 'PRIMAL', '');
INSERT INTO primal VALUES (34, '-001,2-65', 1, 0.0000, 'PRIMAL', '');
INSERT INTO primal VALUES (43, '-068,004,0-2013', 1, 65.0000, 'PRIMAL', '');
INSERT INTO primal VALUES (14, ' 15803-020', 1, 0.0100, 'PRIMAL', '');
INSERT INTO primal VALUES (15, ' 15803-020', 1, 0.0100, 'PRIMAL', '');
INSERT INTO primal VALUES (16, '-0204-3', 1, 0.1500, 'PRIMAL', '');
INSERT INTO primal VALUES (27, '-057,003,5-20-', 1, 130.0000, 'PRIMAL', '');
INSERT INTO primal VALUES (29, '-057,003,5-20-', 1, 78.0000, 'PRIMAL', '');
INSERT INTO primal VALUES (33, '-057,003,5-20-', 1, 58.0000, 'PRIMAL', '');
INSERT INTO primal VALUES (38, '-089,003,0-20-', 1, 115.0000, 'PRIMAL', '');
INSERT INTO primal VALUES (35, '-068,003,5-2013', 1, 65.0000, 'PRIMAL', '');
INSERT INTO primal VALUES (13, '-4', 1, 15.6000, 'PRIMAL', '');
INSERT INTO primal VALUES (18, '-4', 1, 0.0000, 'PRIMAL', '');
INSERT INTO primal VALUES (44, '-089,003,5-20-', 1, 115.0000, 'PRIMAL', '');


SET search_path = movement, pg_catalog;

--
-- TOC entry 4003 (class 0 OID 30415)
-- Dependencies: 242
-- Data for Name: equipment; Type: TABLE DATA; Schema: movement; Owner: postgres
--



--
-- TOC entry 4004 (class 0 OID 30421)
-- Dependencies: 243
-- Data for Name: personnel; Type: TABLE DATA; Schema: movement; Owner: postgres
--



--
-- TOC entry 4005 (class 0 OID 30427)
-- Dependencies: 244
-- Data for Name: segment; Type: TABLE DATA; Schema: movement; Owner: postgres
--



SET search_path = operation, pg_catalog;

--
-- TOC entry 4039 (class 0 OID 31067)
-- Dependencies: 278
-- Data for Name: consumable; Type: TABLE DATA; Schema: operation; Owner: postgres
--



--
-- TOC entry 4006 (class 0 OID 30445)
-- Dependencies: 245
-- Data for Name: definition; Type: TABLE DATA; Schema: operation; Owner: postgres
--

INSERT INTO definition VALUES (1, '81ce5c76-b827-11e7-9511-d4bed939923a', 'operation #1', '2017-10-23', 1, 1);
INSERT INTO definition VALUES (2, '868fe84c-b827-11e7-9512-d4bed939923a', 'operation #2', '2017-10-23', 1, 2);
INSERT INTO definition VALUES (3, '8a177408-b827-11e7-9513-d4bed939923a', 'operation #3', '2017-10-23', 1, 3);
INSERT INTO definition VALUES (4, '8dd62c1a-b827-11e7-9514-d4bed939923a', 'operation #4', '2017-10-23', 1, 4);


--
-- TOC entry 4159 (class 0 OID 0)
-- Dependencies: 246
-- Name: definition_id_seq; Type: SEQUENCE SET; Schema: operation; Owner: postgres
--

SELECT pg_catalog.setval('definition_id_seq', 4, true);


--
-- TOC entry 4008 (class 0 OID 30455)
-- Dependencies: 247
-- Data for Name: equipment; Type: TABLE DATA; Schema: operation; Owner: postgres
--



--
-- TOC entry 4072 (class 0 OID 33674)
-- Dependencies: 324
-- Data for Name: information; Type: TABLE DATA; Schema: operation; Owner: postgres
--

INSERT INTO information VALUES (1, 'operation #1', '2017-10-27');
INSERT INTO information VALUES (2, 'operation #2', '2017-10-27');
INSERT INTO information VALUES (3, 'operation #3', '2017-10-27');
INSERT INTO information VALUES (4, 'operation #4', '2017-10-27');


--
-- TOC entry 4160 (class 0 OID 0)
-- Dependencies: 323
-- Name: information_id_seq; Type: SEQUENCE SET; Schema: operation; Owner: postgres
--

SELECT pg_catalog.setval('information_id_seq', 4, true);


--
-- TOC entry 4037 (class 0 OID 31031)
-- Dependencies: 276
-- Data for Name: material; Type: TABLE DATA; Schema: operation; Owner: postgres
--



--
-- TOC entry 4009 (class 0 OID 30462)
-- Dependencies: 248
-- Data for Name: personnel; Type: TABLE DATA; Schema: operation; Owner: postgres
--



--
-- TOC entry 4038 (class 0 OID 31044)
-- Dependencies: 277
-- Data for Name: primal; Type: TABLE DATA; Schema: operation; Owner: postgres
--



--
-- TOC entry 4010 (class 0 OID 30477)
-- Dependencies: 249
-- Data for Name: producible; Type: TABLE DATA; Schema: operation; Owner: postgres
--



--
-- TOC entry 4011 (class 0 OID 30486)
-- Dependencies: 250
-- Data for Name: segment; Type: TABLE DATA; Schema: operation; Owner: postgres
--



--
-- TOC entry 4161 (class 0 OID 0)
-- Dependencies: 251
-- Name: segment_id_seq; Type: SEQUENCE SET; Schema: operation; Owner: postgres
--

SELECT pg_catalog.setval('segment_id_seq', 1, false);


--
-- TOC entry 4013 (class 0 OID 30495)
-- Dependencies: 252
-- Data for Name: tooling; Type: TABLE DATA; Schema: operation; Owner: postgres
--



SET search_path = performance, pg_catalog;

--
-- TOC entry 4064 (class 0 OID 32291)
-- Dependencies: 303
-- Data for Name: information; Type: TABLE DATA; Schema: performance; Owner: postgres
--



--
-- TOC entry 4162 (class 0 OID 0)
-- Dependencies: 302
-- Name: information_id_seq; Type: SEQUENCE SET; Schema: performance; Owner: postgres
--

SELECT pg_catalog.setval('information_id_seq', 1, false);


SET search_path = personnel, pg_catalog;

--
-- TOC entry 4036 (class 0 OID 30990)
-- Dependencies: 275
-- Data for Name: information; Type: TABLE DATA; Schema: personnel; Owner: postgres
--



--
-- TOC entry 4163 (class 0 OID 0)
-- Dependencies: 274
-- Name: information_id_seq; Type: SEQUENCE SET; Schema: personnel; Owner: postgres
--

SELECT pg_catalog.setval('information_id_seq', 1, false);


SET search_path = process, pg_catalog;

--
-- TOC entry 4014 (class 0 OID 30502)
-- Dependencies: 253
-- Data for Name: definition; Type: TABLE DATA; Schema: process; Owner: postgres
--



--
-- TOC entry 4164 (class 0 OID 0)
-- Dependencies: 254
-- Name: definition_id_seq; Type: SEQUENCE SET; Schema: process; Owner: postgres
--

SELECT pg_catalog.setval('definition_id_seq', 1, false);


--
-- TOC entry 3987 (class 0 OID 30299)
-- Dependencies: 226
-- Data for Name: equipment; Type: TABLE DATA; Schema: process; Owner: postgres
--



--
-- TOC entry 4016 (class 0 OID 30510)
-- Dependencies: 255
-- Data for Name: information; Type: TABLE DATA; Schema: process; Owner: postgres
--



--
-- TOC entry 4165 (class 0 OID 0)
-- Dependencies: 256
-- Name: information_id_seq; Type: SEQUENCE SET; Schema: process; Owner: postgres
--

SELECT pg_catalog.setval('information_id_seq', 1, false);


--
-- TOC entry 3989 (class 0 OID 30311)
-- Dependencies: 228
-- Data for Name: personnel; Type: TABLE DATA; Schema: process; Owner: postgres
--



--
-- TOC entry 3991 (class 0 OID 30323)
-- Dependencies: 230
-- Data for Name: segment; Type: TABLE DATA; Schema: process; Owner: postgres
--



--
-- TOC entry 4166 (class 0 OID 0)
-- Dependencies: 257
-- Name: segment_id_seq; Type: SEQUENCE SET; Schema: process; Owner: postgres
--

SELECT pg_catalog.setval('segment_id_seq', 1, false);


--
-- TOC entry 4019 (class 0 OID 30520)
-- Dependencies: 258
-- Data for Name: specification; Type: TABLE DATA; Schema: process; Owner: postgres
--



SET search_path = product, pg_catalog;

--
-- TOC entry 4042 (class 0 OID 31115)
-- Dependencies: 281
-- Data for Name: definition; Type: TABLE DATA; Schema: product; Owner: postgres
--



--
-- TOC entry 4047 (class 0 OID 31156)
-- Dependencies: 286
-- Data for Name: dependency; Type: TABLE DATA; Schema: product; Owner: postgres
--



--
-- TOC entry 4045 (class 0 OID 31134)
-- Dependencies: 284
-- Data for Name: equipment; Type: TABLE DATA; Schema: product; Owner: postgres
--



--
-- TOC entry 4041 (class 0 OID 31100)
-- Dependencies: 280
-- Data for Name: information; Type: TABLE DATA; Schema: product; Owner: postgres
--



--
-- TOC entry 4167 (class 0 OID 0)
-- Dependencies: 279
-- Name: information_id_seq; Type: SEQUENCE SET; Schema: product; Owner: postgres
--

SELECT pg_catalog.setval('information_id_seq', 1, false);


--
-- TOC entry 4048 (class 0 OID 31168)
-- Dependencies: 287
-- Data for Name: material; Type: TABLE DATA; Schema: product; Owner: postgres
--



--
-- TOC entry 4046 (class 0 OID 31143)
-- Dependencies: 285
-- Data for Name: personnel; Type: TABLE DATA; Schema: product; Owner: postgres
--



--
-- TOC entry 4044 (class 0 OID 31125)
-- Dependencies: 283
-- Data for Name: segment; Type: TABLE DATA; Schema: product; Owner: postgres
--



--
-- TOC entry 4168 (class 0 OID 0)
-- Dependencies: 282
-- Name: segment_id_seq; Type: SEQUENCE SET; Schema: product; Owner: postgres
--

SELECT pg_catalog.setval('segment_id_seq', 1, false);


SET search_path = production, pg_catalog;

--
-- TOC entry 4020 (class 0 OID 30525)
-- Dependencies: 259
-- Data for Name: equipment; Type: TABLE DATA; Schema: production; Owner: postgres
--



--
-- TOC entry 4021 (class 0 OID 30531)
-- Dependencies: 260
-- Data for Name: personnel; Type: TABLE DATA; Schema: production; Owner: postgres
--



--
-- TOC entry 4022 (class 0 OID 30537)
-- Dependencies: 261
-- Data for Name: segment; Type: TABLE DATA; Schema: production; Owner: postgres
--



--
-- TOC entry 4023 (class 0 OID 30544)
-- Dependencies: 262
-- Data for Name: specification; Type: TABLE DATA; Schema: production; Owner: postgres
--



SET search_path = request, pg_catalog;

--
-- TOC entry 4056 (class 0 OID 32247)
-- Dependencies: 295
-- Data for Name: information; Type: TABLE DATA; Schema: request; Owner: postgres
--



--
-- TOC entry 4169 (class 0 OID 0)
-- Dependencies: 294
-- Name: information_id_seq; Type: SEQUENCE SET; Schema: request; Owner: postgres
--

SELECT pg_catalog.setval('information_id_seq', 1, false);


SET search_path = response, pg_catalog;

--
-- TOC entry 4058 (class 0 OID 32258)
-- Dependencies: 297
-- Data for Name: information; Type: TABLE DATA; Schema: response; Owner: postgres
--



--
-- TOC entry 4170 (class 0 OID 0)
-- Dependencies: 296
-- Name: information_id_seq; Type: SEQUENCE SET; Schema: response; Owner: postgres
--

SELECT pg_catalog.setval('information_id_seq', 1, false);


SET search_path = schedule, pg_catalog;

--
-- TOC entry 4060 (class 0 OID 32269)
-- Dependencies: 299
-- Data for Name: information; Type: TABLE DATA; Schema: schedule; Owner: postgres
--



--
-- TOC entry 4171 (class 0 OID 0)
-- Dependencies: 298
-- Name: information_id_seq; Type: SEQUENCE SET; Schema: schedule; Owner: postgres
--

SELECT pg_catalog.setval('information_id_seq', 1, false);


SET search_path = tooling, pg_catalog;

--
-- TOC entry 4062 (class 0 OID 32280)
-- Dependencies: 301
-- Data for Name: information; Type: TABLE DATA; Schema: tooling; Owner: postgres
--



--
-- TOC entry 4172 (class 0 OID 0)
-- Dependencies: 300
-- Name: information_id_seq; Type: SEQUENCE SET; Schema: tooling; Owner: postgres
--

SELECT pg_catalog.setval('information_id_seq', 1, false);


SET search_path = component, pg_catalog;

--
-- TOC entry 3669 (class 2606 OID 30583)
-- Name: assembly assembly_pkey; Type: CONSTRAINT; Schema: component; Owner: postgres
--

ALTER TABLE ONLY assembly
    ADD CONSTRAINT assembly_pkey PRIMARY KEY (part_code, version_num);


--
-- TOC entry 3671 (class 2606 OID 30585)
-- Name: buyable buyable_pkey; Type: CONSTRAINT; Schema: component; Owner: postgres
--

ALTER TABLE ONLY buyable
    ADD CONSTRAINT buyable_pkey PRIMARY KEY (part_code, version_num);


--
-- TOC entry 3667 (class 2606 OID 30587)
-- Name: information information_pkey; Type: CONSTRAINT; Schema: component; Owner: postgres
--

ALTER TABLE ONLY information
    ADD CONSTRAINT information_pkey PRIMARY KEY (part_code, version_num);


--
-- TOC entry 4173 (class 0 OID 0)
-- Dependencies: 3667
-- Name: CONSTRAINT information_pkey ON information; Type: COMMENT; Schema: component; Owner: postgres
--

COMMENT ON CONSTRAINT information_pkey ON information IS 'may be part_code + version_num + component_type';


--
-- TOC entry 3673 (class 2606 OID 30589)
-- Name: part part_pkey; Type: CONSTRAINT; Schema: component; Owner: postgres
--

ALTER TABLE ONLY part
    ADD CONSTRAINT part_pkey PRIMARY KEY (part_code, version_num);


SET search_path = ebom, pg_catalog;

--
-- TOC entry 3677 (class 2606 OID 30591)
-- Name: assembly assembly_pkey; Type: CONSTRAINT; Schema: ebom; Owner: postgres
--

ALTER TABLE ONLY assembly
    ADD CONSTRAINT assembly_pkey PRIMARY KEY (information_id, part_code);


--
-- TOC entry 3679 (class 2606 OID 30595)
-- Name: buyable buyable_pkey; Type: CONSTRAINT; Schema: ebom; Owner: postgres
--

ALTER TABLE ONLY buyable
    ADD CONSTRAINT buyable_pkey PRIMARY KEY (information_id, part_code);


--
-- TOC entry 3675 (class 2606 OID 30593)
-- Name: component component_pkey; Type: CONSTRAINT; Schema: ebom; Owner: postgres
--

ALTER TABLE ONLY component
    ADD CONSTRAINT component_pkey PRIMARY KEY (information_id, part_code);


--
-- TOC entry 3681 (class 2606 OID 30597)
-- Name: definition definition_pkey; Type: CONSTRAINT; Schema: ebom; Owner: postgres
--

ALTER TABLE ONLY definition
    ADD CONSTRAINT definition_pkey PRIMARY KEY (id);


--
-- TOC entry 3813 (class 2606 OID 33638)
-- Name: information information_pkey; Type: CONSTRAINT; Schema: ebom; Owner: postgres
--

ALTER TABLE ONLY information
    ADD CONSTRAINT information_pkey PRIMARY KEY (id);


--
-- TOC entry 3683 (class 2606 OID 30599)
-- Name: part part_pkey; Type: CONSTRAINT; Schema: ebom; Owner: postgres
--

ALTER TABLE ONLY part
    ADD CONSTRAINT part_pkey PRIMARY KEY (information_id, part_code);


SET search_path = equipment, pg_catalog;

--
-- TOC entry 3771 (class 2606 OID 30986)
-- Name: information information_pkey; Type: CONSTRAINT; Schema: equipment; Owner: postgres
--

ALTER TABLE ONLY information
    ADD CONSTRAINT information_pkey PRIMARY KEY (id);


SET search_path = goal, pg_catalog;

--
-- TOC entry 3811 (class 2606 OID 32310)
-- Name: information information_pkey; Type: CONSTRAINT; Schema: goal; Owner: postgres
--

ALTER TABLE ONLY information
    ADD CONSTRAINT information_pkey PRIMARY KEY (id);


SET search_path = inspection, pg_catalog;

--
-- TOC entry 3687 (class 2606 OID 30601)
-- Name: equipment equipment_pkey; Type: CONSTRAINT; Schema: inspection; Owner: postgres
--

ALTER TABLE ONLY equipment
    ADD CONSTRAINT equipment_pkey PRIMARY KEY (segment_id, class_id);


--
-- TOC entry 3691 (class 2606 OID 30603)
-- Name: personnel personnel_pkey; Type: CONSTRAINT; Schema: inspection; Owner: postgres
--

ALTER TABLE ONLY personnel
    ADD CONSTRAINT personnel_pkey PRIMARY KEY (segment_id, class_id);


--
-- TOC entry 3695 (class 2606 OID 30605)
-- Name: segment segment_pkey; Type: CONSTRAINT; Schema: inspection; Owner: postgres
--

ALTER TABLE ONLY segment
    ADD CONSTRAINT segment_pkey PRIMARY KEY (id);


SET search_path = inventory, pg_catalog;

--
-- TOC entry 3767 (class 2606 OID 30943)
-- Name: assembly assembly_pkey; Type: CONSTRAINT; Schema: inventory; Owner: postgres
--

ALTER TABLE ONLY assembly
    ADD CONSTRAINT assembly_pkey PRIMARY KEY (id);


--
-- TOC entry 3699 (class 2606 OID 30607)
-- Name: buyable buyable_pkey; Type: CONSTRAINT; Schema: inventory; Owner: postgres
--

ALTER TABLE ONLY buyable
    ADD CONSTRAINT buyable_pkey PRIMARY KEY (id);


--
-- TOC entry 3701 (class 2606 OID 30611)
-- Name: consumable consumable_pkey; Type: CONSTRAINT; Schema: inventory; Owner: postgres
--

ALTER TABLE ONLY consumable
    ADD CONSTRAINT consumable_pkey PRIMARY KEY (id);


--
-- TOC entry 3697 (class 2606 OID 30613)
-- Name: information information_pkey; Type: CONSTRAINT; Schema: inventory; Owner: postgres
--

ALTER TABLE ONLY information
    ADD CONSTRAINT information_pkey PRIMARY KEY (id);


--
-- TOC entry 3769 (class 2606 OID 30953)
-- Name: part part_pkey; Type: CONSTRAINT; Schema: inventory; Owner: postgres
--

ALTER TABLE ONLY part
    ADD CONSTRAINT part_pkey PRIMARY KEY (id);


--
-- TOC entry 3765 (class 2606 OID 30933)
-- Name: primal primal_pkey; Type: CONSTRAINT; Schema: inventory; Owner: postgres
--

ALTER TABLE ONLY primal
    ADD CONSTRAINT primal_pkey PRIMARY KEY (id);


--
-- TOC entry 3703 (class 2606 OID 30615)
-- Name: producible producible_pkey; Type: CONSTRAINT; Schema: inventory; Owner: postgres
--

ALTER TABLE ONLY producible
    ADD CONSTRAINT producible_pkey PRIMARY KEY (id);


--
-- TOC entry 3705 (class 2606 OID 30617)
-- Name: salable salable_gid_key; Type: CONSTRAINT; Schema: inventory; Owner: postgres
--

ALTER TABLE ONLY salable
    ADD CONSTRAINT salable_gid_key UNIQUE (gid);


--
-- TOC entry 3707 (class 2606 OID 30619)
-- Name: salable salable_good_code_key; Type: CONSTRAINT; Schema: inventory; Owner: postgres
--

ALTER TABLE ONLY salable
    ADD CONSTRAINT salable_good_code_key UNIQUE (good_code);


--
-- TOC entry 3709 (class 2606 OID 30621)
-- Name: salable salable_pkey; Type: CONSTRAINT; Schema: inventory; Owner: postgres
--

ALTER TABLE ONLY salable
    ADD CONSTRAINT salable_pkey PRIMARY KEY (id);


--
-- TOC entry 3711 (class 2606 OID 30623)
-- Name: storable storable_pkey; Type: CONSTRAINT; Schema: inventory; Owner: postgres
--

ALTER TABLE ONLY storable
    ADD CONSTRAINT storable_pkey PRIMARY KEY (id);


SET search_path = maintenance, pg_catalog;

--
-- TOC entry 3799 (class 2606 OID 31200)
-- Name: demand demand_pkey; Type: CONSTRAINT; Schema: maintenance; Owner: postgres
--

ALTER TABLE ONLY demand
    ADD CONSTRAINT demand_pkey PRIMARY KEY (id);


--
-- TOC entry 3795 (class 2606 OID 31184)
-- Name: request request_pkey; Type: CONSTRAINT; Schema: maintenance; Owner: postgres
--

ALTER TABLE ONLY request
    ADD CONSTRAINT request_pkey PRIMARY KEY (id);


--
-- TOC entry 3797 (class 2606 OID 31192)
-- Name: response response_pkey; Type: CONSTRAINT; Schema: maintenance; Owner: postgres
--

ALTER TABLE ONLY response
    ADD CONSTRAINT response_pkey PRIMARY KEY (id);


SET search_path = material, pg_catalog;

--
-- TOC entry 3715 (class 2606 OID 30625)
-- Name: consumable consumable_pkey; Type: CONSTRAINT; Schema: material; Owner: postgres
--

ALTER TABLE ONLY consumable
    ADD CONSTRAINT consumable_pkey PRIMARY KEY (part_code, version_num);


--
-- TOC entry 3713 (class 2606 OID 30627)
-- Name: information information_pkey; Type: CONSTRAINT; Schema: material; Owner: postgres
--

ALTER TABLE ONLY information
    ADD CONSTRAINT information_pkey PRIMARY KEY (part_code, version_num, material_type);


--
-- TOC entry 3755 (class 2606 OID 30808)
-- Name: primal primal_pkey; Type: CONSTRAINT; Schema: material; Owner: postgres
--

ALTER TABLE ONLY primal
    ADD CONSTRAINT primal_pkey PRIMARY KEY (part_code, version_num);


--
-- TOC entry 3717 (class 2606 OID 30629)
-- Name: producible producible_pkey; Type: CONSTRAINT; Schema: material; Owner: postgres
--

ALTER TABLE ONLY producible
    ADD CONSTRAINT producible_pkey PRIMARY KEY (part_code, version_num);


SET search_path = mbom, pg_catalog;

--
-- TOC entry 3761 (class 2606 OID 30848)
-- Name: consumable consumable_pkey; Type: CONSTRAINT; Schema: mbom; Owner: postgres
--

ALTER TABLE ONLY consumable
    ADD CONSTRAINT consumable_pkey PRIMARY KEY (definition_id, part_code);


--
-- TOC entry 3757 (class 2606 OID 30823)
-- Name: definition definition_pkey; Type: CONSTRAINT; Schema: mbom; Owner: postgres
--

ALTER TABLE ONLY definition
    ADD CONSTRAINT definition_pkey PRIMARY KEY (id);


--
-- TOC entry 3815 (class 2606 OID 33660)
-- Name: information information_pkey; Type: CONSTRAINT; Schema: mbom; Owner: postgres
--

ALTER TABLE ONLY information
    ADD CONSTRAINT information_pkey PRIMARY KEY (id);


--
-- TOC entry 3759 (class 2606 OID 30836)
-- Name: material material_pkey; Type: CONSTRAINT; Schema: mbom; Owner: postgres
--

ALTER TABLE ONLY material
    ADD CONSTRAINT material_pkey PRIMARY KEY (definition_id, part_code);


--
-- TOC entry 3763 (class 2606 OID 30908)
-- Name: primal primal_pkey; Type: CONSTRAINT; Schema: mbom; Owner: postgres
--

ALTER TABLE ONLY primal
    ADD CONSTRAINT primal_pkey PRIMARY KEY (definition_id, part_code);


SET search_path = movement, pg_catalog;

--
-- TOC entry 3719 (class 2606 OID 30631)
-- Name: equipment equipment_pkey; Type: CONSTRAINT; Schema: movement; Owner: postgres
--

ALTER TABLE ONLY equipment
    ADD CONSTRAINT equipment_pkey PRIMARY KEY (segment_id, class_id);


--
-- TOC entry 3721 (class 2606 OID 30633)
-- Name: personnel personnel_pkey; Type: CONSTRAINT; Schema: movement; Owner: postgres
--

ALTER TABLE ONLY personnel
    ADD CONSTRAINT personnel_pkey PRIMARY KEY (segment_id, class_id);


--
-- TOC entry 3723 (class 2606 OID 30635)
-- Name: segment segment_pkey; Type: CONSTRAINT; Schema: movement; Owner: postgres
--

ALTER TABLE ONLY segment
    ADD CONSTRAINT segment_pkey PRIMARY KEY (id);


SET search_path = operation, pg_catalog;

--
-- TOC entry 3779 (class 2606 OID 31079)
-- Name: consumable consumable_pkey; Type: CONSTRAINT; Schema: operation; Owner: postgres
--

ALTER TABLE ONLY consumable
    ADD CONSTRAINT consumable_pkey PRIMARY KEY (segment_id, part_code);


--
-- TOC entry 3725 (class 2606 OID 30639)
-- Name: definition definition_pkey; Type: CONSTRAINT; Schema: operation; Owner: postgres
--

ALTER TABLE ONLY definition
    ADD CONSTRAINT definition_pkey PRIMARY KEY (id);


--
-- TOC entry 3727 (class 2606 OID 33698)
-- Name: definition definition_version_num_information_id_key; Type: CONSTRAINT; Schema: operation; Owner: postgres
--

ALTER TABLE ONLY definition
    ADD CONSTRAINT definition_version_num_information_id_key UNIQUE (version_num, information_id);


--
-- TOC entry 3729 (class 2606 OID 30641)
-- Name: equipment equipment_pkey; Type: CONSTRAINT; Schema: operation; Owner: postgres
--

ALTER TABLE ONLY equipment
    ADD CONSTRAINT equipment_pkey PRIMARY KEY (segment_id, equipment_code);


--
-- TOC entry 3817 (class 2606 OID 33683)
-- Name: information information_pkey; Type: CONSTRAINT; Schema: operation; Owner: postgres
--

ALTER TABLE ONLY information
    ADD CONSTRAINT information_pkey PRIMARY KEY (id);


--
-- TOC entry 3775 (class 2606 OID 31043)
-- Name: material material_pkey; Type: CONSTRAINT; Schema: operation; Owner: postgres
--

ALTER TABLE ONLY material
    ADD CONSTRAINT material_pkey PRIMARY KEY (segment_id, part_code);


--
-- TOC entry 3731 (class 2606 OID 30643)
-- Name: personnel personnel_pkey; Type: CONSTRAINT; Schema: operation; Owner: postgres
--

ALTER TABLE ONLY personnel
    ADD CONSTRAINT personnel_pkey PRIMARY KEY (segment_id, personnel_code);


--
-- TOC entry 3777 (class 2606 OID 31056)
-- Name: primal primal_pkey; Type: CONSTRAINT; Schema: operation; Owner: postgres
--

ALTER TABLE ONLY primal
    ADD CONSTRAINT primal_pkey PRIMARY KEY (segment_id, part_code);


--
-- TOC entry 3733 (class 2606 OID 30645)
-- Name: producible producible_pkey; Type: CONSTRAINT; Schema: operation; Owner: postgres
--

ALTER TABLE ONLY producible
    ADD CONSTRAINT producible_pkey PRIMARY KEY (definition_id, part_code);


--
-- TOC entry 3735 (class 2606 OID 31092)
-- Name: segment segment_definition_id_operation_code_key; Type: CONSTRAINT; Schema: operation; Owner: postgres
--

ALTER TABLE ONLY segment
    ADD CONSTRAINT segment_definition_id_operation_code_key UNIQUE (definition_id, operation_code);


--
-- TOC entry 3737 (class 2606 OID 30647)
-- Name: segment segment_pkey; Type: CONSTRAINT; Schema: operation; Owner: postgres
--

ALTER TABLE ONLY segment
    ADD CONSTRAINT segment_pkey PRIMARY KEY (id);


--
-- TOC entry 3739 (class 2606 OID 30649)
-- Name: tooling tooling_pkey; Type: CONSTRAINT; Schema: operation; Owner: postgres
--

ALTER TABLE ONLY tooling
    ADD CONSTRAINT tooling_pkey PRIMARY KEY (segment_id, tool_code);


SET search_path = performance, pg_catalog;

--
-- TOC entry 3809 (class 2606 OID 32299)
-- Name: information information_pkey; Type: CONSTRAINT; Schema: performance; Owner: postgres
--

ALTER TABLE ONLY information
    ADD CONSTRAINT information_pkey PRIMARY KEY (id);


SET search_path = personnel, pg_catalog;

--
-- TOC entry 3773 (class 2606 OID 30998)
-- Name: information information_pkey; Type: CONSTRAINT; Schema: personnel; Owner: postgres
--

ALTER TABLE ONLY information
    ADD CONSTRAINT information_pkey PRIMARY KEY (id);


SET search_path = process, pg_catalog;

--
-- TOC entry 3741 (class 2606 OID 30651)
-- Name: definition definition_pkey; Type: CONSTRAINT; Schema: process; Owner: postgres
--

ALTER TABLE ONLY definition
    ADD CONSTRAINT definition_pkey PRIMARY KEY (id);


--
-- TOC entry 3685 (class 2606 OID 30653)
-- Name: equipment equipment_pkey; Type: CONSTRAINT; Schema: process; Owner: postgres
--

ALTER TABLE ONLY equipment
    ADD CONSTRAINT equipment_pkey PRIMARY KEY (segment_id, class_id);


--
-- TOC entry 3743 (class 2606 OID 30655)
-- Name: information information_pkey; Type: CONSTRAINT; Schema: process; Owner: postgres
--

ALTER TABLE ONLY information
    ADD CONSTRAINT information_pkey PRIMARY KEY (id);


--
-- TOC entry 3689 (class 2606 OID 30657)
-- Name: personnel personnel_pkey; Type: CONSTRAINT; Schema: process; Owner: postgres
--

ALTER TABLE ONLY personnel
    ADD CONSTRAINT personnel_pkey PRIMARY KEY (segment_id, class_id);


--
-- TOC entry 3693 (class 2606 OID 30659)
-- Name: segment segment_pkey; Type: CONSTRAINT; Schema: process; Owner: postgres
--

ALTER TABLE ONLY segment
    ADD CONSTRAINT segment_pkey PRIMARY KEY (id);


--
-- TOC entry 3745 (class 2606 OID 30661)
-- Name: specification specification_pkey; Type: CONSTRAINT; Schema: process; Owner: postgres
--

ALTER TABLE ONLY specification
    ADD CONSTRAINT specification_pkey PRIMARY KEY (parent_segment_id, child_segment_id);


SET search_path = product, pg_catalog;

--
-- TOC entry 3783 (class 2606 OID 31122)
-- Name: definition definition_pkey; Type: CONSTRAINT; Schema: product; Owner: postgres
--

ALTER TABLE ONLY definition
    ADD CONSTRAINT definition_pkey PRIMARY KEY (information_id, part_code);


--
-- TOC entry 3791 (class 2606 OID 31162)
-- Name: dependency dependency_pkey; Type: CONSTRAINT; Schema: product; Owner: postgres
--

ALTER TABLE ONLY dependency
    ADD CONSTRAINT dependency_pkey PRIMARY KEY (parent_segment_id, child_segment_id);


--
-- TOC entry 3787 (class 2606 OID 31141)
-- Name: equipment equipment_pkey; Type: CONSTRAINT; Schema: product; Owner: postgres
--

ALTER TABLE ONLY equipment
    ADD CONSTRAINT equipment_pkey PRIMARY KEY (segment_id, class_id);


--
-- TOC entry 3781 (class 2606 OID 31109)
-- Name: information information_pkey; Type: CONSTRAINT; Schema: product; Owner: postgres
--

ALTER TABLE ONLY information
    ADD CONSTRAINT information_pkey PRIMARY KEY (id);


--
-- TOC entry 3793 (class 2606 OID 31175)
-- Name: material material_pkey; Type: CONSTRAINT; Schema: product; Owner: postgres
--

ALTER TABLE ONLY material
    ADD CONSTRAINT material_pkey PRIMARY KEY (segment_id, class_id);


--
-- TOC entry 3789 (class 2606 OID 31150)
-- Name: personnel personnel_pkey; Type: CONSTRAINT; Schema: product; Owner: postgres
--

ALTER TABLE ONLY personnel
    ADD CONSTRAINT personnel_pkey PRIMARY KEY (segment_id, class_id);


--
-- TOC entry 3785 (class 2606 OID 31133)
-- Name: segment segment_pkey; Type: CONSTRAINT; Schema: product; Owner: postgres
--

ALTER TABLE ONLY segment
    ADD CONSTRAINT segment_pkey PRIMARY KEY (id);


SET search_path = production, pg_catalog;

--
-- TOC entry 3747 (class 2606 OID 30663)
-- Name: equipment equipment_pkey; Type: CONSTRAINT; Schema: production; Owner: postgres
--

ALTER TABLE ONLY equipment
    ADD CONSTRAINT equipment_pkey PRIMARY KEY (segment_id, class_id);


--
-- TOC entry 3749 (class 2606 OID 30665)
-- Name: personnel personnel_pkey; Type: CONSTRAINT; Schema: production; Owner: postgres
--

ALTER TABLE ONLY personnel
    ADD CONSTRAINT personnel_pkey PRIMARY KEY (segment_id, class_id);


--
-- TOC entry 3751 (class 2606 OID 30667)
-- Name: segment segment_pkey; Type: CONSTRAINT; Schema: production; Owner: postgres
--

ALTER TABLE ONLY segment
    ADD CONSTRAINT segment_pkey PRIMARY KEY (id);


--
-- TOC entry 3753 (class 2606 OID 30669)
-- Name: specification specification_pkey; Type: CONSTRAINT; Schema: production; Owner: postgres
--

ALTER TABLE ONLY specification
    ADD CONSTRAINT specification_pkey PRIMARY KEY (parent_segment_id, child_segment_id);


SET search_path = request, pg_catalog;

--
-- TOC entry 3801 (class 2606 OID 32255)
-- Name: information information_pkey; Type: CONSTRAINT; Schema: request; Owner: postgres
--

ALTER TABLE ONLY information
    ADD CONSTRAINT information_pkey PRIMARY KEY (id);


SET search_path = response, pg_catalog;

--
-- TOC entry 3803 (class 2606 OID 32266)
-- Name: information information_pkey; Type: CONSTRAINT; Schema: response; Owner: postgres
--

ALTER TABLE ONLY information
    ADD CONSTRAINT information_pkey PRIMARY KEY (id);


SET search_path = schedule, pg_catalog;

--
-- TOC entry 3805 (class 2606 OID 32277)
-- Name: information information_pkey; Type: CONSTRAINT; Schema: schedule; Owner: postgres
--

ALTER TABLE ONLY information
    ADD CONSTRAINT information_pkey PRIMARY KEY (id);


SET search_path = tooling, pg_catalog;

--
-- TOC entry 3807 (class 2606 OID 32288)
-- Name: information information_pkey; Type: CONSTRAINT; Schema: tooling; Owner: postgres
--

ALTER TABLE ONLY information
    ADD CONSTRAINT information_pkey PRIMARY KEY (id);


SET search_path = ebom, pg_catalog;

--
-- TOC entry 3854 (class 2620 OID 32482)
-- Name: definition set_prev_doc_fsmt; Type: TRIGGER; Schema: ebom; Owner: postgres
--

CREATE TRIGGER set_prev_doc_fsmt BEFORE UPDATE ON definition FOR EACH ROW EXECUTE PROCEDURE common.set_prev_doc_fsmt();


SET search_path = process, pg_catalog;

--
-- TOC entry 3855 (class 2620 OID 30671)
-- Name: specification child_segment_ref_fkey_trigger; Type: TRIGGER; Schema: process; Owner: postgres
--

CREATE CONSTRAINT TRIGGER child_segment_ref_fkey_trigger AFTER INSERT OR UPDATE ON specification DEFERRABLE INITIALLY IMMEDIATE FOR EACH ROW EXECUTE PROCEDURE child_segment_ref_trigger();


SET search_path = production, pg_catalog;

--
-- TOC entry 3856 (class 2620 OID 30673)
-- Name: specification child_segment_ref_fkey_trigger; Type: TRIGGER; Schema: production; Owner: postgres
--

CREATE CONSTRAINT TRIGGER child_segment_ref_fkey_trigger AFTER INSERT OR UPDATE ON specification DEFERRABLE INITIALLY IMMEDIATE FOR EACH ROW EXECUTE PROCEDURE child_segment_ref_trigger();


SET search_path = ebom, pg_catalog;

--
-- TOC entry 3819 (class 2606 OID 30674)
-- Name: assembly assembly_information_id_fkey; Type: FK CONSTRAINT; Schema: ebom; Owner: postgres
--

ALTER TABLE ONLY assembly
    ADD CONSTRAINT assembly_information_id_fkey FOREIGN KEY (information_id) REFERENCES definition(id);


--
-- TOC entry 3818 (class 2606 OID 30679)
-- Name: assembly assembly_part_code_fkey; Type: FK CONSTRAINT; Schema: ebom; Owner: postgres
--

ALTER TABLE ONLY assembly
    ADD CONSTRAINT assembly_part_code_fkey FOREIGN KEY (part_code, version_num) REFERENCES component.assembly(part_code, version_num);


--
-- TOC entry 3821 (class 2606 OID 30684)
-- Name: buyable buyable_information_id_fkey; Type: FK CONSTRAINT; Schema: ebom; Owner: postgres
--

ALTER TABLE ONLY buyable
    ADD CONSTRAINT buyable_information_id_fkey FOREIGN KEY (information_id) REFERENCES definition(id);


--
-- TOC entry 3820 (class 2606 OID 30689)
-- Name: buyable buyable_part_code_fkey; Type: FK CONSTRAINT; Schema: ebom; Owner: postgres
--

ALTER TABLE ONLY buyable
    ADD CONSTRAINT buyable_part_code_fkey FOREIGN KEY (part_code, version_num) REFERENCES component.buyable(part_code, version_num);


--
-- TOC entry 3822 (class 2606 OID 33644)
-- Name: definition definition_information_id_fkey; Type: FK CONSTRAINT; Schema: ebom; Owner: postgres
--

ALTER TABLE ONLY definition
    ADD CONSTRAINT definition_information_id_fkey FOREIGN KEY (information_id) REFERENCES information(id) ON UPDATE CASCADE ON DELETE CASCADE;


--
-- TOC entry 3852 (class 2606 OID 33639)
-- Name: information information_part_code_fkey; Type: FK CONSTRAINT; Schema: ebom; Owner: postgres
--

ALTER TABLE ONLY information
    ADD CONSTRAINT information_part_code_fkey FOREIGN KEY (part_code, version_num) REFERENCES component.assembly(part_code, version_num) ON UPDATE CASCADE ON DELETE CASCADE;


--
-- TOC entry 3824 (class 2606 OID 30699)
-- Name: part part_information_id_fkey; Type: FK CONSTRAINT; Schema: ebom; Owner: postgres
--

ALTER TABLE ONLY part
    ADD CONSTRAINT part_information_id_fkey FOREIGN KEY (information_id) REFERENCES definition(id);


--
-- TOC entry 3823 (class 2606 OID 30704)
-- Name: part part_part_code_fkey; Type: FK CONSTRAINT; Schema: ebom; Owner: postgres
--

ALTER TABLE ONLY part
    ADD CONSTRAINT part_part_code_fkey FOREIGN KEY (part_code, version_num) REFERENCES component.part(part_code, version_num);


SET search_path = inspection, pg_catalog;

--
-- TOC entry 3825 (class 2606 OID 30709)
-- Name: equipment equipment_segment_id_fkey; Type: FK CONSTRAINT; Schema: inspection; Owner: postgres
--

ALTER TABLE ONLY equipment
    ADD CONSTRAINT equipment_segment_id_fkey FOREIGN KEY (segment_id) REFERENCES segment(id) ON UPDATE CASCADE ON DELETE CASCADE;


--
-- TOC entry 3827 (class 2606 OID 30714)
-- Name: personnel personnel_segment_id_fkey; Type: FK CONSTRAINT; Schema: inspection; Owner: postgres
--

ALTER TABLE ONLY personnel
    ADD CONSTRAINT personnel_segment_id_fkey FOREIGN KEY (segment_id) REFERENCES segment(id) ON UPDATE CASCADE ON DELETE CASCADE;


SET search_path = mbom, pg_catalog;

--
-- TOC entry 3843 (class 2606 OID 30849)
-- Name: consumable consumable_definition_id_fkey; Type: FK CONSTRAINT; Schema: mbom; Owner: postgres
--

ALTER TABLE ONLY consumable
    ADD CONSTRAINT consumable_definition_id_fkey FOREIGN KEY (definition_id) REFERENCES definition(id);


--
-- TOC entry 3842 (class 2606 OID 30854)
-- Name: consumable consumable_part_code_fkey; Type: FK CONSTRAINT; Schema: mbom; Owner: postgres
--

ALTER TABLE ONLY consumable
    ADD CONSTRAINT consumable_part_code_fkey FOREIGN KEY (part_code, version_num) REFERENCES material.consumable(part_code, version_num);


--
-- TOC entry 3841 (class 2606 OID 33666)
-- Name: definition definition_information_id_fkey; Type: FK CONSTRAINT; Schema: mbom; Owner: postgres
--

ALTER TABLE ONLY definition
    ADD CONSTRAINT definition_information_id_fkey FOREIGN KEY (information_id) REFERENCES information(id);


--
-- TOC entry 3853 (class 2606 OID 33661)
-- Name: information information_part_code_fkey; Type: FK CONSTRAINT; Schema: mbom; Owner: postgres
--

ALTER TABLE ONLY information
    ADD CONSTRAINT information_part_code_fkey FOREIGN KEY (part_code, version_num) REFERENCES material.producible(part_code, version_num) ON UPDATE CASCADE ON DELETE CASCADE;


--
-- TOC entry 3845 (class 2606 OID 30909)
-- Name: primal primal_definition_id_fkey; Type: FK CONSTRAINT; Schema: mbom; Owner: postgres
--

ALTER TABLE ONLY primal
    ADD CONSTRAINT primal_definition_id_fkey FOREIGN KEY (definition_id) REFERENCES definition(id);


--
-- TOC entry 3844 (class 2606 OID 30914)
-- Name: primal primal_part_code_fkey; Type: FK CONSTRAINT; Schema: mbom; Owner: postgres
--

ALTER TABLE ONLY primal
    ADD CONSTRAINT primal_part_code_fkey FOREIGN KEY (part_code, version_num) REFERENCES material.primal(part_code, version_num);


SET search_path = movement, pg_catalog;

--
-- TOC entry 3828 (class 2606 OID 30719)
-- Name: equipment equipment_segment_id_fkey; Type: FK CONSTRAINT; Schema: movement; Owner: postgres
--

ALTER TABLE ONLY equipment
    ADD CONSTRAINT equipment_segment_id_fkey FOREIGN KEY (segment_id) REFERENCES segment(id) ON UPDATE CASCADE ON DELETE CASCADE;


--
-- TOC entry 3829 (class 2606 OID 30724)
-- Name: personnel personnel_segment_id_fkey; Type: FK CONSTRAINT; Schema: movement; Owner: postgres
--

ALTER TABLE ONLY personnel
    ADD CONSTRAINT personnel_segment_id_fkey FOREIGN KEY (segment_id) REFERENCES segment(id) ON UPDATE CASCADE ON DELETE CASCADE;


SET search_path = operation, pg_catalog;

--
-- TOC entry 3848 (class 2606 OID 31085)
-- Name: consumable consumable_part_code_fkey; Type: FK CONSTRAINT; Schema: operation; Owner: postgres
--

ALTER TABLE ONLY consumable
    ADD CONSTRAINT consumable_part_code_fkey FOREIGN KEY (part_code, version_num) REFERENCES material.consumable(part_code, version_num) ON UPDATE CASCADE ON DELETE CASCADE;


--
-- TOC entry 3849 (class 2606 OID 33699)
-- Name: consumable consumable_segment_id_fkey; Type: FK CONSTRAINT; Schema: operation; Owner: postgres
--

ALTER TABLE ONLY consumable
    ADD CONSTRAINT consumable_segment_id_fkey FOREIGN KEY (segment_id) REFERENCES segment(id);


--
-- TOC entry 3830 (class 2606 OID 33692)
-- Name: definition definition_information_id_fkey; Type: FK CONSTRAINT; Schema: operation; Owner: postgres
--

ALTER TABLE ONLY definition
    ADD CONSTRAINT definition_information_id_fkey FOREIGN KEY (information_id) REFERENCES information(id);


--
-- TOC entry 3831 (class 2606 OID 30739)
-- Name: equipment equipment_segment_id_fkey; Type: FK CONSTRAINT; Schema: operation; Owner: postgres
--

ALTER TABLE ONLY equipment
    ADD CONSTRAINT equipment_segment_id_fkey FOREIGN KEY (segment_id) REFERENCES segment(id) ON UPDATE CASCADE ON DELETE CASCADE;


--
-- TOC entry 3832 (class 2606 OID 30744)
-- Name: personnel personnel_segment_id_fkey; Type: FK CONSTRAINT; Schema: operation; Owner: postgres
--

ALTER TABLE ONLY personnel
    ADD CONSTRAINT personnel_segment_id_fkey FOREIGN KEY (segment_id) REFERENCES segment(id) ON UPDATE CASCADE ON DELETE CASCADE;


--
-- TOC entry 3846 (class 2606 OID 31062)
-- Name: primal primal_part_code_fkey; Type: FK CONSTRAINT; Schema: operation; Owner: postgres
--

ALTER TABLE ONLY primal
    ADD CONSTRAINT primal_part_code_fkey FOREIGN KEY (part_code, version_num) REFERENCES material.primal(part_code, version_num) ON UPDATE CASCADE ON DELETE CASCADE;


--
-- TOC entry 3847 (class 2606 OID 33704)
-- Name: primal primal_segment_id_fkey; Type: FK CONSTRAINT; Schema: operation; Owner: postgres
--

ALTER TABLE ONLY primal
    ADD CONSTRAINT primal_segment_id_fkey FOREIGN KEY (segment_id) REFERENCES movement.segment(id);


--
-- TOC entry 3833 (class 2606 OID 30749)
-- Name: producible producible_definition_id_fkey; Type: FK CONSTRAINT; Schema: operation; Owner: postgres
--

ALTER TABLE ONLY producible
    ADD CONSTRAINT producible_definition_id_fkey FOREIGN KEY (definition_id) REFERENCES definition(id);


--
-- TOC entry 3834 (class 2606 OID 30754)
-- Name: producible producible_part_code_fkey; Type: FK CONSTRAINT; Schema: operation; Owner: postgres
--

ALTER TABLE ONLY producible
    ADD CONSTRAINT producible_part_code_fkey FOREIGN KEY (part_code, version_num) REFERENCES material.producible(part_code, version_num);


--
-- TOC entry 3835 (class 2606 OID 30759)
-- Name: segment segment_definition_id_fkey; Type: FK CONSTRAINT; Schema: operation; Owner: postgres
--

ALTER TABLE ONLY segment
    ADD CONSTRAINT segment_definition_id_fkey FOREIGN KEY (definition_id) REFERENCES definition(id) ON UPDATE CASCADE ON DELETE CASCADE;


--
-- TOC entry 3836 (class 2606 OID 30764)
-- Name: tooling tooling_segment_id_fkey; Type: FK CONSTRAINT; Schema: operation; Owner: postgres
--

ALTER TABLE ONLY tooling
    ADD CONSTRAINT tooling_segment_id_fkey FOREIGN KEY (segment_id) REFERENCES segment(id) ON UPDATE CASCADE ON DELETE CASCADE;


SET search_path = process, pg_catalog;

--
-- TOC entry 3826 (class 2606 OID 30769)
-- Name: personnel personnel_segment_id_fkey; Type: FK CONSTRAINT; Schema: process; Owner: postgres
--

ALTER TABLE ONLY personnel
    ADD CONSTRAINT personnel_segment_id_fkey FOREIGN KEY (segment_id) REFERENCES segment(id) ON UPDATE CASCADE ON DELETE CASCADE;


--
-- TOC entry 3837 (class 2606 OID 30774)
-- Name: specification specification_parent_segment_id_fkey; Type: FK CONSTRAINT; Schema: process; Owner: postgres
--

ALTER TABLE ONLY specification
    ADD CONSTRAINT specification_parent_segment_id_fkey FOREIGN KEY (parent_segment_id) REFERENCES segment(id) ON UPDATE CASCADE ON DELETE CASCADE;


SET search_path = product, pg_catalog;

--
-- TOC entry 3851 (class 2606 OID 31163)
-- Name: dependency dependency_parent_segment_id_fkey; Type: FK CONSTRAINT; Schema: product; Owner: postgres
--

ALTER TABLE ONLY dependency
    ADD CONSTRAINT dependency_parent_segment_id_fkey FOREIGN KEY (parent_segment_id) REFERENCES segment(id) ON UPDATE CASCADE ON DELETE CASCADE;


--
-- TOC entry 3850 (class 2606 OID 31151)
-- Name: personnel personnel_segment_id_fkey; Type: FK CONSTRAINT; Schema: product; Owner: postgres
--

ALTER TABLE ONLY personnel
    ADD CONSTRAINT personnel_segment_id_fkey FOREIGN KEY (segment_id) REFERENCES segment(id) ON UPDATE CASCADE ON DELETE CASCADE;


SET search_path = production, pg_catalog;

--
-- TOC entry 3838 (class 2606 OID 30779)
-- Name: equipment equipment_segment_id_fkey; Type: FK CONSTRAINT; Schema: production; Owner: postgres
--

ALTER TABLE ONLY equipment
    ADD CONSTRAINT equipment_segment_id_fkey FOREIGN KEY (segment_id) REFERENCES segment(id) ON UPDATE CASCADE ON DELETE CASCADE;


--
-- TOC entry 3839 (class 2606 OID 30784)
-- Name: personnel personnel_segment_id_fkey; Type: FK CONSTRAINT; Schema: production; Owner: postgres
--

ALTER TABLE ONLY personnel
    ADD CONSTRAINT personnel_segment_id_fkey FOREIGN KEY (segment_id) REFERENCES segment(id) ON UPDATE CASCADE ON DELETE CASCADE;


--
-- TOC entry 3840 (class 2606 OID 30789)
-- Name: specification specification_parent_segment_id_fkey; Type: FK CONSTRAINT; Schema: production; Owner: postgres
--

ALTER TABLE ONLY specification
    ADD CONSTRAINT specification_parent_segment_id_fkey FOREIGN KEY (parent_segment_id) REFERENCES segment(id) ON UPDATE CASCADE ON DELETE CASCADE;


-- Completed on 2017-10-27 01:39:38 EEST

--
-- PostgreSQL database dump complete
--

